use texas_e_store;

# products

INSERT INTO product (product_id, product_title, sku, product_weight, image_name, availability) VALUES (1, 'Nokia 7 Plus', '0123456789', 177, '5d398d54-f630-4c4a-9122-04a184d82931.png', 'AVAILABLE');
INSERT INTO product (product_id, product_title, sku, product_weight, image_name, availability) VALUES (2, 'iPhone X', '0987654321', 174, '3d1d3b00-74bd-4b04-afe4-798a827cdb61.png', 'AVAILABLE');
INSERT INTO product (product_id, product_title, sku, product_weight, image_name, availability) VALUES (3, 'Asus VivoBook Pro', '0563214789', 2000, '87ce7344-e6c9-4c0d-b64e-169db00d99cd.png', 'AVAILABLE');
INSERT INTO product (product_id, product_title, sku, product_weight, image_name, availability) VALUES (5, 'Galaxy Tab A', '4597231809', 200, '3eb765f4-6e08-4544-8312-e40b9ce7a093.png', 'AVAILABLE');
INSERT INTO product (product_id, product_title, sku, product_weight, image_name, availability) VALUES (7, 'HP Pavilion 15', '07812546938', 2000, '54e93a83-a994-4952-b431-ee2c8b9506ef.png', 'AVAILABLE');
INSERT INTO product (product_id, product_title, sku, product_weight, image_name, availability) VALUES (8, 'Nikon D7500', '6712489325', 1000, '88bb0b8c-734e-4415-a04d-ede9190a4053.png', 'AVAILABLE');
INSERT INTO product (product_id, product_title, sku, product_weight, image_name, availability) VALUES (9, 'Nikon D500', '9632485176', 1000, 'cd82303a-f316-4aa9-b3a1-22b1b938a468.png', 'AVAILABLE');
INSERT INTO product (product_id, product_title, sku, product_weight, image_name, availability) VALUES (10, 'iWatch Series 7', '3541796820', 32, '47db40bf-3fde-4c60-b28a-a5a681782e30.png', 'AVAILABLE');
INSERT INTO product (product_id, product_title, sku, product_weight, image_name, availability) VALUES (11, 'iPad Pro', '4896347210', 682, '874ad8a3-a666-4b4e-a22a-553f577e34e9.png', 'AVAILABLE');
INSERT INTO product (product_id, product_title, sku, product_weight, image_name, availability) VALUES (14, 'PROLiNK  PRS1140', '9741931465', 300, '915a3c97-bb6d-4717-a42f-a81e8e659e7a.png', 'AVAILABLE');
INSERT INTO product (product_id, product_title, sku, product_weight, image_name, availability) VALUES (15, 'ZTE 4G Wireless Router MF286R', '6837125894', 300, '22e1dccc-05e2-43b6-af58-8c5d356ad5ab.png', 'AVAILABLE');
INSERT INTO product (product_id, product_title, sku, product_weight, image_name, availability) VALUES (16, 'Galaxy Watch4', '6482137813', 30, '7133346f-a8c6-41fa-bed0-1e3696e18a5a.png', 'AVAILABLE');
INSERT INTO product (product_id, product_title, sku, product_weight, image_name, availability) VALUES (17, 'Samsung Odyssey CRG5 24"', '9732186789', 3000, '9207e9b7-2f9a-4499-b932-bc1f7b2aa66a.png', 'AVAILABLE');
INSERT INTO product (product_id, product_title, sku, product_weight, image_name, availability) VALUES (18, 'SAMSUNG 24" T35F', '4187138194', 2500, 'f81d1cc5-c078-48ba-8c9d-89be9673d898.png', 'AVAILABLE');
INSERT INTO product (product_id, product_title, sku, product_weight, image_name, availability) VALUES (19, 'Transcend StoreJet 25H3 2TB', '9713254789', 800, '8db15364-2992-4d62-bfa4-d786dd9c585b.png', 'AVAILABLE');
INSERT INTO product (product_id, product_title, sku, product_weight, image_name, availability) VALUES (20, 'Nokia Smart TV 32', '7854126598', 2500, 'b37f3253-2a68-4c93-b4f5-5351b284beee.png', 'AVAILABLE');
INSERT INTO product (product_id, product_title, sku, product_weight, image_name, availability) VALUES (21, 'Nokia Smart TV 43', '3654789125', 2500, '2857f0ed-9127-4ae1-910c-ee2f144f1690.png', 'AVAILABLE');
INSERT INTO product (product_id, product_title, sku, product_weight, image_name, availability) VALUES (22, 'Samsung Portable SSD T7 Touch', '9874821671', 500, 'f374129a-9e63-4728-bc42-0e1cb8f14260.png', 'AVAILABLE');
INSERT INTO product (product_id, product_title, sku, product_weight, image_name, availability) VALUES (23, 'Acer Aspire Z 24', '5713697520', 3000, '87cc017d-2e1d-4161-a56e-26a52dda05af.png', 'AVAILABLE');
INSERT INTO product (product_id, product_title, sku, product_weight, image_name, availability) VALUES (24, 'HP Pavilion Gaming Desktop TG01-1160xt', '3247895120', 3000, 'c53051ab-f8f3-4a91-8dd0-4bc057df9718.png', 'AVAILABLE');
INSERT INTO product (product_id, product_title, sku, product_weight, image_name, availability) VALUES (25, 'Samsung Galaxy S22 5G', '4123698571', 167, 'c64afe42-3c6b-4f0d-93da-fb6313bbb988.png', 'AVAILABLE');

INSERT INTO product_category (product_id, category_id, sub_category_id) VALUES (1, 1, 6);
INSERT INTO product_category (product_id, category_id, sub_category_id) VALUES (2, 1, 1);
INSERT INTO product_category (product_id, category_id, sub_category_id) VALUES (3, 3, 8);
INSERT INTO product_category (product_id, category_id, sub_category_id) VALUES (5, 2, 5);
INSERT INTO product_category (product_id, category_id, sub_category_id) VALUES (7, 3, 7);
INSERT INTO product_category (product_id, category_id, sub_category_id) VALUES (8, 4, 2);
INSERT INTO product_category (product_id, category_id, sub_category_id) VALUES (9, 4, 2);
INSERT INTO product_category (product_id, category_id, sub_category_id) VALUES (10, 6, 1);
INSERT INTO product_category (product_id, category_id, sub_category_id) VALUES (11, 2, 1);
INSERT INTO product_category (product_id, category_id, sub_category_id) VALUES (14, 10, null);
INSERT INTO product_category (product_id, category_id, sub_category_id) VALUES (14, 10, 12);
INSERT INTO product_category (product_id, category_id, sub_category_id) VALUES (14, 10, 13);
INSERT INTO product_category (product_id, category_id, sub_category_id) VALUES (14, 10, 15);
INSERT INTO product_category (product_id, category_id, sub_category_id) VALUES (15, 10, null);
INSERT INTO product_category (product_id, category_id, sub_category_id) VALUES (15, 10, 11);
INSERT INTO product_category (product_id, category_id, sub_category_id) VALUES (15, 10, 13);
INSERT INTO product_category (product_id, category_id, sub_category_id) VALUES (15, 10, 14);
INSERT INTO product_category (product_id, category_id, sub_category_id) VALUES (16, 6, 5);
INSERT INTO product_category (product_id, category_id, sub_category_id) VALUES (17, 5, 5);
INSERT INTO product_category (product_id, category_id, sub_category_id) VALUES (18, 5, 5);
INSERT INTO product_category (product_id, category_id, sub_category_id) VALUES (19, 7, 4);
INSERT INTO product_category (product_id, category_id, sub_category_id) VALUES (20, 9, 6);
INSERT INTO product_category (product_id, category_id, sub_category_id) VALUES (21, 9, 6);
INSERT INTO product_category (product_id, category_id, sub_category_id) VALUES (22, 7, 5);
INSERT INTO product_category (product_id, category_id, sub_category_id) VALUES (23, 8, 9);
INSERT INTO product_category (product_id, category_id, sub_category_id) VALUES (24, 8, 7);
INSERT INTO product_category (product_id, category_id, sub_category_id) VALUES (24, 8, 16);
INSERT INTO product_category (product_id, category_id, sub_category_id) VALUES (25, 1, 5);

INSERT INTO custom_feature (custom_feature_id, product_id, custom_feature_name, custom_feature_val) VALUES (1, 1, 'Display', 'IPS LCD, 6.0 inches, 92.4 cm2 (~77.2% screen-to-body ratio), 1080 x 2160 pixels, 18:9 ratio (~403 ppi density)');
INSERT INTO custom_feature (custom_feature_id, product_id, custom_feature_name, custom_feature_val) VALUES (2, 1, 'Operating System', 'Android 8.1 (Oreo), upgradable to Android 10, Android One');
INSERT INTO custom_feature (custom_feature_id, product_id, custom_feature_name, custom_feature_val) VALUES (3, 1, 'Chipset', 'Qualcomm SDM660 Snapdragon 660 (14 nm)');
INSERT INTO custom_feature (custom_feature_id, product_id, custom_feature_name, custom_feature_val) VALUES (4, 1, 'Network', 'GSM / CDMA / HSPA / EVDO / LTE');
INSERT INTO custom_feature (custom_feature_id, product_id, custom_feature_name, custom_feature_val) VALUES (5, 1, 'Storage', '64GB');
INSERT INTO custom_feature (custom_feature_id, product_id, custom_feature_name, custom_feature_val) VALUES (6, 2, 'Operating System', 'iOS 11.1.1, up to iOS 15.5, planned upgrade to iOS 16');
INSERT INTO custom_feature (custom_feature_id, product_id, custom_feature_name, custom_feature_val) VALUES (7, 2, 'Chipset', 'Apple A11 Bionic (10 nm)');
INSERT INTO custom_feature (custom_feature_id, product_id, custom_feature_name, custom_feature_val) VALUES (8, 2, 'RAM', '3GB');
INSERT INTO custom_feature (custom_feature_id, product_id, custom_feature_name, custom_feature_val) VALUES (9, 2, 'Network', 'GSM / HSPA / LTE');
INSERT INTO custom_feature (custom_feature_id, product_id, custom_feature_name, custom_feature_val) VALUES (10, 3, 'Processor', '12th Gen Intel Core™ i7 processor');
INSERT INTO custom_feature (custom_feature_id, product_id, custom_feature_name, custom_feature_val) VALUES (11, 3, 'Graphics', ' NVIDIA® GeForce® RTX3060');
INSERT INTO custom_feature (custom_feature_id, product_id, custom_feature_name, custom_feature_val) VALUES (12, 3, 'Display', '15.6” 144Hz FHD IPS display');
INSERT INTO custom_feature (custom_feature_id, product_id, custom_feature_name, custom_feature_val) VALUES (13, 3, 'Operating System', 'Windows 11 Home');
INSERT INTO custom_feature (custom_feature_id, product_id, custom_feature_name, custom_feature_val) VALUES (14, 5, 'Display', 'TFT LCD, 10.1 inches, 295.8 cm2 (~80.7% screen-to-body ratio), 1200 x 1920 pixels, 16:10 ratio (~224 ppi density)');
INSERT INTO custom_feature (custom_feature_id, product_id, custom_feature_name, custom_feature_val) VALUES (15, 5, 'Operating System', 'Android 9.0 (Pie), upgradable to Android 11, One UI 3.0');
INSERT INTO custom_feature (custom_feature_id, product_id, custom_feature_name, custom_feature_val) VALUES (16, 5, 'Chipset', 'Exynos 7904 (14 nm)');
INSERT INTO custom_feature (custom_feature_id, product_id, custom_feature_name, custom_feature_val) VALUES (17, 7, 'Operating System', 'Windows 11 Home');
INSERT INTO custom_feature (custom_feature_id, product_id, custom_feature_name, custom_feature_val) VALUES (18, 7, 'Screen Size', '15.6"');
INSERT INTO custom_feature (custom_feature_id, product_id, custom_feature_name, custom_feature_val) VALUES (19, 7, 'Display', 'FHD IPS LED');
INSERT INTO custom_feature (custom_feature_id, product_id, custom_feature_name, custom_feature_val) VALUES (20, 8, 'Sensor', '20.9MP DX-Format CMOS Sensor');
INSERT INTO custom_feature (custom_feature_id, product_id, custom_feature_name, custom_feature_val) VALUES (21, 8, 'Image Processor', 'EXPEED 5');
INSERT INTO custom_feature (custom_feature_id, product_id, custom_feature_name, custom_feature_val) VALUES (22, 8, 'Screen', '3.2" 922k-Dot Tilting Touchscreen LCD');
INSERT INTO custom_feature (custom_feature_id, product_id, custom_feature_name, custom_feature_val) VALUES (23, 8, 'Video Recording', '4K UHD at 30 fps');
INSERT INTO custom_feature (custom_feature_id, product_id, custom_feature_name, custom_feature_val) VALUES (24, 9, 'Sensor', '20.9MP DX-Format CMOS Sensor');
INSERT INTO custom_feature (custom_feature_id, product_id, custom_feature_name, custom_feature_val) VALUES (25, 9, 'Image Processor', 'EXPEED 5');
INSERT INTO custom_feature (custom_feature_id, product_id, custom_feature_name, custom_feature_val) VALUES (26, 9, 'Video Recording', '4K UHD at 30 fps');
INSERT INTO custom_feature (custom_feature_id, product_id, custom_feature_name, custom_feature_val) VALUES (27, 9, 'Screen', '3.2" 2539k-Dot Tilting Touchscreen LCD');
INSERT INTO custom_feature (custom_feature_id, product_id, custom_feature_name, custom_feature_val) VALUES (28, 10, 'Network', 'GSM / HSPA / LTE');
INSERT INTO custom_feature (custom_feature_id, product_id, custom_feature_name, custom_feature_val) VALUES (29, 10, 'Dimensions', '45 x 38 x 10.7 mm');
INSERT INTO custom_feature (custom_feature_id, product_id, custom_feature_name, custom_feature_val) VALUES (30, 10, 'Operating System', 'watchOS 8.0, up to 8.6, planned upgrade to watchOS 9.0');
INSERT INTO custom_feature (custom_feature_id, product_id, custom_feature_name, custom_feature_val) VALUES (31, 10, 'Chipset', 'Apple S7');
INSERT INTO custom_feature (custom_feature_id, product_id, custom_feature_name, custom_feature_val) VALUES (32, 10, 'Display', 'Retina LTPO OLED, 1000 nits (peak), 1.9 inches, 484 x 396 pixels (~326 ppi density)');
INSERT INTO custom_feature (custom_feature_id, product_id, custom_feature_name, custom_feature_val) VALUES (33, 11, 'Network', 'GSM / CDMA / HSPA / EVDO / LTE / 5G');
INSERT INTO custom_feature (custom_feature_id, product_id, custom_feature_name, custom_feature_val) VALUES (34, 11, 'Display', 'Liquid Retina XDR mini-LED LCD, 120Hz, HDR10, Dolby Vision, 1000 nits (typ), 1600 nits (peak), 12.9 inches, 515.3 cm2 (~85.4% screen-to-body ratio), 2048 x 2732 pixels, 4:3 ratio (~265 ppi density)');
INSERT INTO custom_feature (custom_feature_id, product_id, custom_feature_name, custom_feature_val) VALUES (35, 11, 'Operating System', 'iPadOS 14.5.1, up to iPadOS 15.5, planned upgrade to iPadOS 16');
INSERT INTO custom_feature (custom_feature_id, product_id, custom_feature_name, custom_feature_val) VALUES (36, 11, 'Chipset', 'Apple M1');
INSERT INTO custom_feature (custom_feature_id, product_id, custom_feature_name, custom_feature_val) VALUES (37, 14, 'Wireless Speed', '150MBPS');
INSERT INTO custom_feature (custom_feature_id, product_id, custom_feature_name, custom_feature_val) VALUES (38, 14, 'Network', 'High-speed ADSL2+ Ethernet with 802.11b/g/n Wireless LAN');
INSERT INTO custom_feature (custom_feature_id, product_id, custom_feature_name, custom_feature_val) VALUES (39, 15, 'Wi-Fi', '802.11 a/b/g/n/ac, 2.4GHz 3x3 &5GHz 2x2, DBDC Total 1.3Gbps; up to 64 users supported');
INSERT INTO custom_feature (custom_feature_id, product_id, custom_feature_name, custom_feature_val) VALUES (40, 16, 'Display', 'Super AMOLED, 1.4 inches, 450 x 450 pixels (~321 ppi density)');
INSERT INTO custom_feature (custom_feature_id, product_id, custom_feature_name, custom_feature_val) VALUES (41, 16, 'Network', 'GSM / HSPA / LTE');
INSERT INTO custom_feature (custom_feature_id, product_id, custom_feature_name, custom_feature_val) VALUES (42, 16, 'Operating System', 'Android Wear OS, One UI Watch 3');
INSERT INTO custom_feature (custom_feature_id, product_id, custom_feature_name, custom_feature_val) VALUES (43, 16, 'Chipset', 'Exynos W920 (5 nm)');
INSERT INTO custom_feature (custom_feature_id, product_id, custom_feature_name, custom_feature_val) VALUES (44, 17, 'Screen Size', '24"');
INSERT INTO custom_feature (custom_feature_id, product_id, custom_feature_name, custom_feature_val) VALUES (45, 17, 'Active Display Size (HxV) (mm)', '521.3952(H) * 293.2848(V)');
INSERT INTO custom_feature (custom_feature_id, product_id, custom_feature_name, custom_feature_val) VALUES (46, 17, 'Brightness (Typical)', '250cd/m2');
INSERT INTO custom_feature (custom_feature_id, product_id, custom_feature_name, custom_feature_val) VALUES (47, 18, 'Active Display Size (HxV) (mm)', '527.04 × 296.46 mm');
INSERT INTO custom_feature (custom_feature_id, product_id, custom_feature_name, custom_feature_val) VALUES (48, 20, 'Display size', '32"');
INSERT INTO custom_feature (custom_feature_id, product_id, custom_feature_name, custom_feature_val) VALUES (49, 20, 'Sound', 'Onkyo');
INSERT INTO custom_feature (custom_feature_id, product_id, custom_feature_name, custom_feature_val) VALUES (50, 21, 'Display', '43"');
INSERT INTO custom_feature (custom_feature_id, product_id, custom_feature_name, custom_feature_val) VALUES (51, 21, 'Sounds', 'Onkyo');
INSERT INTO custom_feature (custom_feature_id, product_id, custom_feature_name, custom_feature_val) VALUES (52, 22, 'USB', '3.2');
INSERT INTO custom_feature (custom_feature_id, product_id, custom_feature_name, custom_feature_val) VALUES (53, 22, 'Color', 'Black');
INSERT INTO custom_feature (custom_feature_id, product_id, custom_feature_name, custom_feature_val) VALUES (54, 23, 'CPU', 'Core™ i5. i5-9400T');
INSERT INTO custom_feature (custom_feature_id, product_id, custom_feature_name, custom_feature_val) VALUES (55, 23, 'Memory', '16GB');
INSERT INTO custom_feature (custom_feature_id, product_id, custom_feature_name, custom_feature_val) VALUES (56, 23, 'Storage', '2TB SSD');
INSERT INTO custom_feature (custom_feature_id, product_id, custom_feature_name, custom_feature_val) VALUES (57, 23, 'Operating System', 'Windows 11 Home');
INSERT INTO custom_feature (custom_feature_id, product_id, custom_feature_name, custom_feature_val) VALUES (58, 24, 'Operating System', 'Windows 11 Home');
INSERT INTO custom_feature (custom_feature_id, product_id, custom_feature_name, custom_feature_val) VALUES (59, 24, 'CPU', 'Intel® Core™ i3-10100 (3.6 GHz up to 4.3 GHz, 6 MB L3 cache, 4 cores)');
INSERT INTO custom_feature (custom_feature_id, product_id, custom_feature_name, custom_feature_val) VALUES (60, 24, 'Graphics', 'NVIDIA® GeForce® GTX 1650 (4 GB GDDR5 dedicated)');
INSERT INTO custom_feature (custom_feature_id, product_id, custom_feature_name, custom_feature_val) VALUES (61, 24, 'Memory', '8 GB DDR4-2666 SDRAM (2 X 4 GB)');
INSERT INTO custom_feature (custom_feature_id, product_id, custom_feature_name, custom_feature_val) VALUES (62, 25, 'Network', 'GSM / CDMA / HSPA / EVDO / LTE / 5G');
INSERT INTO custom_feature (custom_feature_id, product_id, custom_feature_name, custom_feature_val) VALUES (63, 25, 'Dimensions', '	146 x 70.6 x 7.6 mm (5.75 x 2.78 x 0.30 in)');
INSERT INTO custom_feature (custom_feature_id, product_id, custom_feature_name, custom_feature_val) VALUES (64, 25, 'Display', 'Dynamic AMOLED 2X, 120Hz, HDR10+, 1300 nits (peak), 6.1 inches, 90.1 cm2 (~87.4% screen-to-body ratio), 1080 x 2340 pixels, 19.5:9 ratio (~425 ppi density)');
INSERT INTO custom_feature (custom_feature_id, product_id, custom_feature_name, custom_feature_val) VALUES (65, 25, 'Operating System', 'Android 12, One UI 4.1');
INSERT INTO custom_feature (custom_feature_id, product_id, custom_feature_name, custom_feature_val) VALUES (66, 25, 'Chipset', 'Qualcomm SM8450 Snapdragon 8 Gen 1 (4 nm)');
INSERT INTO custom_feature (custom_feature_id, product_id, custom_feature_name, custom_feature_val) VALUES (67, 25, 'Memory', '8GB');

INSERT INTO variant (variant_id, product_id, variant_name, price, quantity) VALUES (1, 1, 'Black/Copper - 4GB ', 60000.00, 24);
INSERT INTO variant (variant_id, product_id, variant_name, price, quantity) VALUES (2, 1, 'White/Copper - 4GB', 60000.00, -1);
INSERT INTO variant (variant_id, product_id, variant_name, price, quantity) VALUES (3, 1, 'Black/Copper - 6GB', 65000.00, 11);
INSERT INTO variant (variant_id, product_id, variant_name, price, quantity) VALUES (4, 2, 'Silver - 64GB', 200000.00, 4);
INSERT INTO variant (variant_id, product_id, variant_name, price, quantity) VALUES (5, 2, 'Gray - 256GB', 220000.00, 3);
INSERT INTO variant (variant_id, product_id, variant_name, price, quantity) VALUES (6, 3, 'Black - 1TB - 8GB', 250000.00, 10);
INSERT INTO variant (variant_id, product_id, variant_name, price, quantity) VALUES (7, 3, 'Silver - 8GB - 2TB', 275000.00, 8);
INSERT INTO variant (variant_id, product_id, variant_name, price, quantity) VALUES (8, 3, 'Silver - 16GB - 1TB', 285000.00, 3);
INSERT INTO variant (variant_id, product_id, variant_name, price, quantity) VALUES (9, 3, 'Black - 2TB - 32GB', 300000.00, 2);
INSERT INTO variant (variant_id, product_id, variant_name, price, quantity) VALUES (10, 5, 'Black - 16GB - 2GB', 50000.00, 9);
INSERT INTO variant (variant_id, product_id, variant_name, price, quantity) VALUES (11, 7, 'Silver - 512GB - 8GB - i5', 300000.00, 9);
INSERT INTO variant (variant_id, product_id, variant_name, price, quantity) VALUES (12, 7, 'Blue - 1TB - 8GB - i5', 320000.00, 7);
INSERT INTO variant (variant_id, product_id, variant_name, price, quantity) VALUES (13, 7, 'Gold - 2TB - 16GB - i7', 410000.00, 4);
INSERT INTO variant (variant_id, product_id, variant_name, price, quantity) VALUES (14, 7, 'Teal - 1TB - 8GB - i7', 365000.00, 2);
INSERT INTO variant (variant_id, product_id, variant_name, price, quantity) VALUES (15, 8, 'D7500 - Default', 500000.00, 2);
INSERT INTO variant (variant_id, product_id, variant_name, price, quantity) VALUES (16, 9, 'D500 - Default', 400000.00, 3);
INSERT INTO variant (variant_id, product_id, variant_name, price, quantity) VALUES (17, 10, 'Silver - Steel', 250000.00, 17);
INSERT INTO variant (variant_id, product_id, variant_name, price, quantity) VALUES (18, 10, 'Green - Aluminium', 250000.00, 11);
INSERT INTO variant (variant_id, product_id, variant_name, price, quantity) VALUES (19, 11, 'Gray - 8GB - 128GB', 345000.00, 10);
INSERT INTO variant (variant_id, product_id, variant_name, price, quantity) VALUES (20, 11, 'Silver - 8GB - 128GB', 345000.00, 14);
INSERT INTO variant (variant_id, product_id, variant_name, price, quantity) VALUES (21, 14, 'PRS1140 - Default', 5000.00, 120);
INSERT INTO variant (variant_id, product_id, variant_name, price, quantity) VALUES (22, 15, 'MF286R - Default', 10000.00, 87);
INSERT INTO variant (variant_id, product_id, variant_name, price, quantity) VALUES (23, 16, 'Watch4 - Black', 350000.00, 10);
INSERT INTO variant (variant_id, product_id, variant_name, price, quantity) VALUES (24, 16, 'Watch4 - Silver', 350000.00, 12);
INSERT INTO variant (variant_id, product_id, variant_name, price, quantity) VALUES (25, 17, 'CRG5 - Default', 79000.00, 11);
INSERT INTO variant (variant_id, product_id, variant_name, price, quantity) VALUES (26, 18, 'T35F - Default', 65000.00, 8);
INSERT INTO variant (variant_id, product_id, variant_name, price, quantity) VALUES (27, 19, '25H3 - Blue', 20000.00, 78);
INSERT INTO variant (variant_id, product_id, variant_name, price, quantity) VALUES (28, 19, '25H3 - Purple', 20000.00, 41);
INSERT INTO variant (variant_id, product_id, variant_name, price, quantity) VALUES (29, 20, 'Nokia TV - 32 - Default', 60000.00, 10);
INSERT INTO variant (variant_id, product_id, variant_name, price, quantity) VALUES (30, 21, 'Nokia TV - 43 - Default', 75000.00, 7);
INSERT INTO variant (variant_id, product_id, variant_name, price, quantity) VALUES (31, 22, 'Samsung T7 - 500GB', 45000.00, 35);
INSERT INTO variant (variant_id, product_id, variant_name, price, quantity) VALUES (32, 22, 'Samsung T7 - 1TB', 65000.00, 21);
INSERT INTO variant (variant_id, product_id, variant_name, price, quantity) VALUES (33, 23, 'Z24 - Default', 450000.00, 4);
INSERT INTO variant (variant_id, product_id, variant_name, price, quantity) VALUES (34, 24, 'TG01-1160xt - Default', 325000.00, 4);
INSERT INTO variant (variant_id, product_id, variant_name, price, quantity) VALUES (35, 25, 'S22 - Blue - 128GB', 350000.00, 10);
INSERT INTO variant (variant_id, product_id, variant_name, price, quantity) VALUES (36, 25, 'S22 - Green - 128GB', 350000.00, 12);
INSERT INTO variant (variant_id, product_id, variant_name, price, quantity) VALUES (37, 25, 'S22 - Blue - 256GB', 400000.00, 4);
INSERT INTO variant (variant_id, product_id, variant_name, price, quantity) VALUES (38, 25, 'S22 - Green - 256GB', 400000.00, 7);
INSERT INTO variant (variant_id, product_id, variant_name, price, quantity) VALUES (39, 3, 'Silver - 1TB - 8GB', 290000.00, 9);
INSERT INTO variant (variant_id, product_id, variant_name, price, quantity) VALUES (40, 3, 'Black - 2TB - 8GB', 280000.00, 4);
INSERT INTO variant (variant_id, product_id, variant_name, price, quantity) VALUES (41, 3, 'Black - 1TB - 16GB', 285000.00, 10);
INSERT INTO variant (variant_id, product_id, variant_name, price, quantity) VALUES (42, 3, 'Black - 2TB - 16GB', 285000.00, 14);
INSERT INTO variant (variant_id, product_id, variant_name, price, quantity) VALUES (43, 3, 'Silver - 2TB - 16GB', 285000.00, 7);
INSERT INTO variant (variant_id, product_id, variant_name, price, quantity) VALUES (44, 3, 'Black - 1TB - 32GB', 295000.00, 4);
INSERT INTO variant (variant_id, product_id, variant_name, price, quantity) VALUES (45, 3, 'Silver - 1TB - 32GB', 295000.00, 4);
INSERT INTO variant (variant_id, product_id, variant_name, price, quantity) VALUES (46, 3, 'Silver - 2TB - 32GB', 3.00, 300000);
INSERT INTO variant (variant_id, product_id, variant_name, price, quantity) VALUES (47, 5, 'Gold - 16GB - 2GB', 50000.00, 10);
INSERT INTO variant (variant_id, product_id, variant_name, price, quantity) VALUES (48, 5, 'Silver - 16GB - 2GB', 50000.00, 7);
INSERT INTO variant (variant_id, product_id, variant_name, price, quantity) VALUES (49, 5, 'Black - 32GB - 2GB', 60000.00, 7);
INSERT INTO variant (variant_id, product_id, variant_name, price, quantity) VALUES (50, 5, 'Gold - 32GB - 2GB', 60000.00, 9);
INSERT INTO variant (variant_id, product_id, variant_name, price, quantity) VALUES (51, 5, 'Silver - 32GB - 2GB', 60000.00, 12);
INSERT INTO variant (variant_id, product_id, variant_name, price, quantity) VALUES (52, 5, 'Black - 64GB - 2GB', 70000.00, 45);
INSERT INTO variant (variant_id, product_id, variant_name, price, quantity) VALUES (53, 5, 'Gold - 64GB - 2GB', 70000.00, 7);
INSERT INTO variant (variant_id, product_id, variant_name, price, quantity) VALUES (54, 5, 'Silver - 64GB - 2GB', 70000.00, 10);
INSERT INTO variant (variant_id, product_id, variant_name, price, quantity) VALUES (55, 5, 'Black - 128GB - 2GB', 75000.00, 4);
INSERT INTO variant (variant_id, product_id, variant_name, price, quantity) VALUES (56, 5, 'Gold - 128GB - 2GB', 75000.00, 1);
INSERT INTO variant (variant_id, product_id, variant_name, price, quantity) VALUES (57, 5, 'Silver - 128GB - 2GB', 75000.00, 10);
INSERT INTO variant (variant_id, product_id, variant_name, price, quantity) VALUES (58, 5, 'Black - 16GB - 3GB', 65000.00, 14);
INSERT INTO variant (variant_id, product_id, variant_name, price, quantity) VALUES (59, 5, 'Gold - 16GB - 3GB', 65000.00, 7);
INSERT INTO variant (variant_id, product_id, variant_name, price, quantity) VALUES (60, 5, 'Silver - 16GB - 3GB', 65000.00, 10);
INSERT INTO variant (variant_id, product_id, variant_name, price, quantity) VALUES (61, 5, 'Black - 32GB - 3GB', 70000.00, 4);
INSERT INTO variant (variant_id, product_id, variant_name, price, quantity) VALUES (62, 5, 'Gold - 32GB - 3GB', 70000.00, 12);
INSERT INTO variant (variant_id, product_id, variant_name, price, quantity) VALUES (63, 5, 'Silver - 32GB - 3GB', 70000.00, 13);
INSERT INTO variant (variant_id, product_id, variant_name, price, quantity) VALUES (64, 5, 'Black - 64GB - 3GB', 75000.00, 36);
INSERT INTO variant (variant_id, product_id, variant_name, price, quantity) VALUES (65, 5, 'Gold - 64GB - 3GB', 75000.00, 14);
INSERT INTO variant (variant_id, product_id, variant_name, price, quantity) VALUES (66, 5, 'Silver - 64GB - 3GB', 75000.00, 19);
INSERT INTO variant (variant_id, product_id, variant_name, price, quantity) VALUES (67, 5, 'Black - 128GB - 3GB', 80000.00, 15);
INSERT INTO variant (variant_id, product_id, variant_name, price, quantity) VALUES (68, 5, 'Gold - 128GB - 3GB', 80000.00, 27);
INSERT INTO variant (variant_id, product_id, variant_name, price, quantity) VALUES (69, 5, 'Silver - 128GB - 3GB', 80000.00, 17);
INSERT INTO variant (variant_id, product_id, variant_name, price, quantity) VALUES (70, 2, 'Gray - 64GB', 200000.00, 9);
INSERT INTO variant (variant_id, product_id, variant_name, price, quantity) VALUES (71, 2, 'Silver - 256GB', 220000.00, 7);

update product set default_variant_id = 1 where product_id = 1;
update product set default_variant_id = 70 where product_id = 2;
update product set default_variant_id = 6 where product_id = 3;
update product set default_variant_id = 10 where product_id = 5;
update product set default_variant_id = 11 where product_id = 7;
update product set default_variant_id = 15 where product_id = 8;
update product set default_variant_id = 16 where product_id = 9;
update product set default_variant_id = 17 where product_id = 10;
update product set default_variant_id = 19 where product_id = 11;
update product set default_variant_id = 21 where product_id = 14;
update product set default_variant_id = 22 where product_id = 15;
update product set default_variant_id = 23 where product_id = 16;
update product set default_variant_id = 25 where product_id = 17;
update product set default_variant_id = 26 where product_id = 18;
update product set default_variant_id = 27 where product_id = 19;
update product set default_variant_id = 29 where product_id = 20;
update product set default_variant_id = 30 where product_id = 21;
update product set default_variant_id = 31 where product_id = 22;
update product set default_variant_id = 33 where product_id = 23;
update product set default_variant_id = 34 where product_id = 24;
update product set default_variant_id = 35 where product_id = 25;

INSERT INTO variant_option (option_id, product_id, option_name) VALUES (1, 1, 'Color');
INSERT INTO variant_option (option_id, product_id, option_name) VALUES (2, 1, 'RAM');
INSERT INTO variant_option (option_id, product_id, option_name) VALUES (3, 2, 'Storage');
INSERT INTO variant_option (option_id, product_id, option_name) VALUES (4, 2, 'Color');
INSERT INTO variant_option (option_id, product_id, option_name) VALUES (5, 3, 'Color');
INSERT INTO variant_option (option_id, product_id, option_name) VALUES (6, 3, 'Storage');
INSERT INTO variant_option (option_id, product_id, option_name) VALUES (7, 3, 'RAM');
INSERT INTO variant_option (option_id, product_id, option_name) VALUES (8, 5, 'Color');
INSERT INTO variant_option (option_id, product_id, option_name) VALUES (9, 5, 'Storage');
INSERT INTO variant_option (option_id, product_id, option_name) VALUES (10, 5, 'RAM');
INSERT INTO variant_option (option_id, product_id, option_name) VALUES (11, 7, 'Color');
INSERT INTO variant_option (option_id, product_id, option_name) VALUES (12, 7, 'Storage');
INSERT INTO variant_option (option_id, product_id, option_name) VALUES (13, 7, 'RAM');
INSERT INTO variant_option (option_id, product_id, option_name) VALUES (14, 7, 'Processor');
INSERT INTO variant_option (option_id, product_id, option_name) VALUES (15, 10, 'Case');
INSERT INTO variant_option (option_id, product_id, option_name) VALUES (16, 10, 'Color');
INSERT INTO variant_option (option_id, product_id, option_name) VALUES (17, 11, 'Color');
INSERT INTO variant_option (option_id, product_id, option_name) VALUES (18, 11, 'RAM');
INSERT INTO variant_option (option_id, product_id, option_name) VALUES (19, 11, 'Storage');
INSERT INTO variant_option (option_id, product_id, option_name) VALUES (20, 16, 'Color');
INSERT INTO variant_option (option_id, product_id, option_name) VALUES (21, 19, 'Color');
INSERT INTO variant_option (option_id, product_id, option_name) VALUES (22, 22, 'Capacity');
INSERT INTO variant_option (option_id, product_id, option_name) VALUES (23, 25, 'Color');
INSERT INTO variant_option (option_id, product_id, option_name) VALUES (24, 25, 'Storage');

INSERT INTO variant_option_values (value_id, product_id, option_id, value_name) VALUES (1, 1, 1, 'Black/Copper');
INSERT INTO variant_option_values (value_id, product_id, option_id, value_name) VALUES (2, 1, 1, 'White/Copper');
INSERT INTO variant_option_values (value_id, product_id, option_id, value_name) VALUES (3, 1, 2, '4GB');
INSERT INTO variant_option_values (value_id, product_id, option_id, value_name) VALUES (4, 1, 2, '6GB');
INSERT INTO variant_option_values (value_id, product_id, option_id, value_name) VALUES (5, 2, 3, '64GB');
INSERT INTO variant_option_values (value_id, product_id, option_id, value_name) VALUES (6, 2, 3, '256GB');
INSERT INTO variant_option_values (value_id, product_id, option_id, value_name) VALUES (7, 2, 4, 'Space Gray');
INSERT INTO variant_option_values (value_id, product_id, option_id, value_name) VALUES (8, 2, 4, 'Silver');
INSERT INTO variant_option_values (value_id, product_id, option_id, value_name) VALUES (9, 3, 5, 'Black');
INSERT INTO variant_option_values (value_id, product_id, option_id, value_name) VALUES (10, 3, 5, 'Silver');
INSERT INTO variant_option_values (value_id, product_id, option_id, value_name) VALUES (11, 3, 6, '1TB');
INSERT INTO variant_option_values (value_id, product_id, option_id, value_name) VALUES (12, 3, 6, '2TB');
INSERT INTO variant_option_values (value_id, product_id, option_id, value_name) VALUES (13, 3, 7, '8GB');
INSERT INTO variant_option_values (value_id, product_id, option_id, value_name) VALUES (14, 3, 7, '16GB');
INSERT INTO variant_option_values (value_id, product_id, option_id, value_name) VALUES (15, 3, 7, '32GB');
INSERT INTO variant_option_values (value_id, product_id, option_id, value_name) VALUES (16, 5, 8, 'Black');
INSERT INTO variant_option_values (value_id, product_id, option_id, value_name) VALUES (17, 5, 8, 'Gold');
INSERT INTO variant_option_values (value_id, product_id, option_id, value_name) VALUES (18, 5, 8, 'Silver');
INSERT INTO variant_option_values (value_id, product_id, option_id, value_name) VALUES (19, 5, 9, '16GB');
INSERT INTO variant_option_values (value_id, product_id, option_id, value_name) VALUES (20, 5, 9, '32GB');
INSERT INTO variant_option_values (value_id, product_id, option_id, value_name) VALUES (21, 5, 9, '64GB');
INSERT INTO variant_option_values (value_id, product_id, option_id, value_name) VALUES (22, 5, 9, '128GB');
INSERT INTO variant_option_values (value_id, product_id, option_id, value_name) VALUES (23, 5, 10, '2GB');
INSERT INTO variant_option_values (value_id, product_id, option_id, value_name) VALUES (24, 5, 10, '3GB');
INSERT INTO variant_option_values (value_id, product_id, option_id, value_name) VALUES (25, 7, 11, 'Natural Silver');
INSERT INTO variant_option_values (value_id, product_id, option_id, value_name) VALUES (26, 7, 11, 'Fog Blue');
INSERT INTO variant_option_values (value_id, product_id, option_id, value_name) VALUES (27, 7, 11, 'Forest Teal');
INSERT INTO variant_option_values (value_id, product_id, option_id, value_name) VALUES (28, 7, 11, 'Warm Gold');
INSERT INTO variant_option_values (value_id, product_id, option_id, value_name) VALUES (29, 7, 12, '512GB');
INSERT INTO variant_option_values (value_id, product_id, option_id, value_name) VALUES (30, 7, 12, '1TB');
INSERT INTO variant_option_values (value_id, product_id, option_id, value_name) VALUES (31, 7, 12, '2TB');
INSERT INTO variant_option_values (value_id, product_id, option_id, value_name) VALUES (32, 7, 13, '8GB');
INSERT INTO variant_option_values (value_id, product_id, option_id, value_name) VALUES (33, 7, 13, '16GB');
INSERT INTO variant_option_values (value_id, product_id, option_id, value_name) VALUES (34, 7, 14, 'Intel Core i5');
INSERT INTO variant_option_values (value_id, product_id, option_id, value_name) VALUES (35, 7, 14, 'Intel Core i7');
INSERT INTO variant_option_values (value_id, product_id, option_id, value_name) VALUES (36, 10, 15, 'Stainless Steel');
INSERT INTO variant_option_values (value_id, product_id, option_id, value_name) VALUES (37, 10, 15, 'Aluminum ');
INSERT INTO variant_option_values (value_id, product_id, option_id, value_name) VALUES (38, 10, 16, 'Silver');
INSERT INTO variant_option_values (value_id, product_id, option_id, value_name) VALUES (39, 10, 16, 'Green');
INSERT INTO variant_option_values (value_id, product_id, option_id, value_name) VALUES (40, 10, 16, 'Blue');
INSERT INTO variant_option_values (value_id, product_id, option_id, value_name) VALUES (41, 10, 16, 'Midnight');
INSERT INTO variant_option_values (value_id, product_id, option_id, value_name) VALUES (42, 10, 16, 'Gold');
INSERT INTO variant_option_values (value_id, product_id, option_id, value_name) VALUES (43, 10, 16, 'Graphite');
INSERT INTO variant_option_values (value_id, product_id, option_id, value_name) VALUES (44, 10, 16, 'Red');
INSERT INTO variant_option_values (value_id, product_id, option_id, value_name) VALUES (45, 11, 17, 'Silver');
INSERT INTO variant_option_values (value_id, product_id, option_id, value_name) VALUES (46, 11, 17, 'Space Gray');
INSERT INTO variant_option_values (value_id, product_id, option_id, value_name) VALUES (47, 11, 18, '8GB');
INSERT INTO variant_option_values (value_id, product_id, option_id, value_name) VALUES (48, 11, 18, '16GB');
INSERT INTO variant_option_values (value_id, product_id, option_id, value_name) VALUES (49, 11, 19, '128GB');
INSERT INTO variant_option_values (value_id, product_id, option_id, value_name) VALUES (50, 11, 19, '256GB');
INSERT INTO variant_option_values (value_id, product_id, option_id, value_name) VALUES (51, 11, 19, '512GB');
INSERT INTO variant_option_values (value_id, product_id, option_id, value_name) VALUES (52, 16, 20, 'Black');
INSERT INTO variant_option_values (value_id, product_id, option_id, value_name) VALUES (53, 16, 20, 'Silver');
INSERT INTO variant_option_values (value_id, product_id, option_id, value_name) VALUES (54, 19, 21, 'Navy Blue');
INSERT INTO variant_option_values (value_id, product_id, option_id, value_name) VALUES (55, 19, 21, 'Purple');
INSERT INTO variant_option_values (value_id, product_id, option_id, value_name) VALUES (56, 22, 22, '500GB');
INSERT INTO variant_option_values (value_id, product_id, option_id, value_name) VALUES (57, 22, 22, '1TB');
INSERT INTO variant_option_values (value_id, product_id, option_id, value_name) VALUES (58, 25, 23, 'Sky Blue');
INSERT INTO variant_option_values (value_id, product_id, option_id, value_name) VALUES (59, 25, 23, 'Green');
INSERT INTO variant_option_values (value_id, product_id, option_id, value_name) VALUES (60, 25, 24, '128GB');
INSERT INTO variant_option_values (value_id, product_id, option_id, value_name) VALUES (61, 25, 24, '256GB');

INSERT INTO variant_values (product_id, variant_id, option_id, value_id) VALUES (1, 1, 1, 1);
INSERT INTO variant_values (product_id, variant_id, option_id, value_id) VALUES (1, 1, 2, 3);
INSERT INTO variant_values (product_id, variant_id, option_id, value_id) VALUES (1, 2, 1, 2);
INSERT INTO variant_values (product_id, variant_id, option_id, value_id) VALUES (1, 2, 2, 3);
INSERT INTO variant_values (product_id, variant_id, option_id, value_id) VALUES (1, 3, 1, 1);
INSERT INTO variant_values (product_id, variant_id, option_id, value_id) VALUES (1, 3, 2, 4);
INSERT INTO variant_values (product_id, variant_id, option_id, value_id) VALUES (2, 4, 3, 5);
INSERT INTO variant_values (product_id, variant_id, option_id, value_id) VALUES (2, 4, 4, 8);
INSERT INTO variant_values (product_id, variant_id, option_id, value_id) VALUES (2, 5, 3, 6);
INSERT INTO variant_values (product_id, variant_id, option_id, value_id) VALUES (2, 5, 4, 7);
INSERT INTO variant_values (product_id, variant_id, option_id, value_id) VALUES (3, 6, 5, 9);
INSERT INTO variant_values (product_id, variant_id, option_id, value_id) VALUES (3, 6, 6, 11);
INSERT INTO variant_values (product_id, variant_id, option_id, value_id) VALUES (3, 6, 7, 13);
INSERT INTO variant_values (product_id, variant_id, option_id, value_id) VALUES (3, 7, 5, 10);
INSERT INTO variant_values (product_id, variant_id, option_id, value_id) VALUES (3, 7, 6, 12);
INSERT INTO variant_values (product_id, variant_id, option_id, value_id) VALUES (3, 7, 7, 13);
INSERT INTO variant_values (product_id, variant_id, option_id, value_id) VALUES (3, 8, 5, 10);
INSERT INTO variant_values (product_id, variant_id, option_id, value_id) VALUES (3, 8, 6, 11);
INSERT INTO variant_values (product_id, variant_id, option_id, value_id) VALUES (3, 8, 7, 14);
INSERT INTO variant_values (product_id, variant_id, option_id, value_id) VALUES (3, 9, 5, 9);
INSERT INTO variant_values (product_id, variant_id, option_id, value_id) VALUES (3, 9, 6, 12);
INSERT INTO variant_values (product_id, variant_id, option_id, value_id) VALUES (3, 9, 7, 15);
INSERT INTO variant_values (product_id, variant_id, option_id, value_id) VALUES (5, 10, 8, 16);
INSERT INTO variant_values (product_id, variant_id, option_id, value_id) VALUES (5, 10, 9, 19);
INSERT INTO variant_values (product_id, variant_id, option_id, value_id) VALUES (5, 10, 10, 23);
INSERT INTO variant_values (product_id, variant_id, option_id, value_id) VALUES (7, 11, 11, 25);
INSERT INTO variant_values (product_id, variant_id, option_id, value_id) VALUES (7, 11, 12, 29);
INSERT INTO variant_values (product_id, variant_id, option_id, value_id) VALUES (7, 11, 13, 32);
INSERT INTO variant_values (product_id, variant_id, option_id, value_id) VALUES (7, 11, 14, 34);
INSERT INTO variant_values (product_id, variant_id, option_id, value_id) VALUES (7, 12, 11, 26);
INSERT INTO variant_values (product_id, variant_id, option_id, value_id) VALUES (7, 12, 12, 30);
INSERT INTO variant_values (product_id, variant_id, option_id, value_id) VALUES (7, 12, 13, 32);
INSERT INTO variant_values (product_id, variant_id, option_id, value_id) VALUES (7, 12, 14, 34);
INSERT INTO variant_values (product_id, variant_id, option_id, value_id) VALUES (7, 13, 11, 28);
INSERT INTO variant_values (product_id, variant_id, option_id, value_id) VALUES (7, 13, 12, 31);
INSERT INTO variant_values (product_id, variant_id, option_id, value_id) VALUES (7, 13, 13, 33);
INSERT INTO variant_values (product_id, variant_id, option_id, value_id) VALUES (7, 13, 14, 35);
INSERT INTO variant_values (product_id, variant_id, option_id, value_id) VALUES (7, 14, 11, 27);
INSERT INTO variant_values (product_id, variant_id, option_id, value_id) VALUES (7, 14, 12, 30);
INSERT INTO variant_values (product_id, variant_id, option_id, value_id) VALUES (7, 14, 13, 32);
INSERT INTO variant_values (product_id, variant_id, option_id, value_id) VALUES (7, 14, 14, 35);
INSERT INTO variant_values (product_id, variant_id, option_id, value_id) VALUES (10, 17, 15, 36);
INSERT INTO variant_values (product_id, variant_id, option_id, value_id) VALUES (10, 17, 16, 38);
INSERT INTO variant_values (product_id, variant_id, option_id, value_id) VALUES (10, 18, 15, 37);
INSERT INTO variant_values (product_id, variant_id, option_id, value_id) VALUES (10, 18, 16, 39);
INSERT INTO variant_values (product_id, variant_id, option_id, value_id) VALUES (11, 19, 17, 46);
INSERT INTO variant_values (product_id, variant_id, option_id, value_id) VALUES (11, 19, 18, 47);
INSERT INTO variant_values (product_id, variant_id, option_id, value_id) VALUES (11, 19, 19, 49);
INSERT INTO variant_values (product_id, variant_id, option_id, value_id) VALUES (11, 20, 17, 45);
INSERT INTO variant_values (product_id, variant_id, option_id, value_id) VALUES (11, 20, 18, 47);
INSERT INTO variant_values (product_id, variant_id, option_id, value_id) VALUES (11, 20, 19, 49);
INSERT INTO variant_values (product_id, variant_id, option_id, value_id) VALUES (16, 23, 20, 52);
INSERT INTO variant_values (product_id, variant_id, option_id, value_id) VALUES (16, 24, 20, 53);
INSERT INTO variant_values (product_id, variant_id, option_id, value_id) VALUES (19, 27, 21, 54);
INSERT INTO variant_values (product_id, variant_id, option_id, value_id) VALUES (19, 28, 21, 55);
INSERT INTO variant_values (product_id, variant_id, option_id, value_id) VALUES (22, 31, 22, 56);
INSERT INTO variant_values (product_id, variant_id, option_id, value_id) VALUES (22, 32, 22, 57);
INSERT INTO variant_values (product_id, variant_id, option_id, value_id) VALUES (25, 35, 23, 58);
INSERT INTO variant_values (product_id, variant_id, option_id, value_id) VALUES (25, 35, 24, 60);
INSERT INTO variant_values (product_id, variant_id, option_id, value_id) VALUES (25, 36, 23, 59);
INSERT INTO variant_values (product_id, variant_id, option_id, value_id) VALUES (25, 36, 24, 60);
INSERT INTO variant_values (product_id, variant_id, option_id, value_id) VALUES (25, 37, 23, 58);
INSERT INTO variant_values (product_id, variant_id, option_id, value_id) VALUES (25, 37, 24, 61);
INSERT INTO variant_values (product_id, variant_id, option_id, value_id) VALUES (25, 38, 23, 59);
INSERT INTO variant_values (product_id, variant_id, option_id, value_id) VALUES (25, 38, 24, 61);
INSERT INTO variant_values (product_id, variant_id, option_id, value_id) VALUES (3, 39, 5, 10);
INSERT INTO variant_values (product_id, variant_id, option_id, value_id) VALUES (3, 39, 6, 11);
INSERT INTO variant_values (product_id, variant_id, option_id, value_id) VALUES (3, 39, 7, 13);
INSERT INTO variant_values (product_id, variant_id, option_id, value_id) VALUES (3, 40, 5, 9);
INSERT INTO variant_values (product_id, variant_id, option_id, value_id) VALUES (3, 40, 6, 12);
INSERT INTO variant_values (product_id, variant_id, option_id, value_id) VALUES (3, 40, 7, 13);
INSERT INTO variant_values (product_id, variant_id, option_id, value_id) VALUES (3, 41, 5, 9);
INSERT INTO variant_values (product_id, variant_id, option_id, value_id) VALUES (3, 41, 6, 11);
INSERT INTO variant_values (product_id, variant_id, option_id, value_id) VALUES (3, 41, 7, 14);
INSERT INTO variant_values (product_id, variant_id, option_id, value_id) VALUES (3, 42, 5, 9);
INSERT INTO variant_values (product_id, variant_id, option_id, value_id) VALUES (3, 42, 6, 12);
INSERT INTO variant_values (product_id, variant_id, option_id, value_id) VALUES (3, 42, 7, 14);
INSERT INTO variant_values (product_id, variant_id, option_id, value_id) VALUES (3, 43, 5, 10);
INSERT INTO variant_values (product_id, variant_id, option_id, value_id) VALUES (3, 43, 6, 12);
INSERT INTO variant_values (product_id, variant_id, option_id, value_id) VALUES (3, 43, 7, 14);
INSERT INTO variant_values (product_id, variant_id, option_id, value_id) VALUES (3, 44, 5, 9);
INSERT INTO variant_values (product_id, variant_id, option_id, value_id) VALUES (3, 44, 6, 11);
INSERT INTO variant_values (product_id, variant_id, option_id, value_id) VALUES (3, 44, 7, 15);
INSERT INTO variant_values (product_id, variant_id, option_id, value_id) VALUES (3, 45, 5, 10);
INSERT INTO variant_values (product_id, variant_id, option_id, value_id) VALUES (3, 45, 6, 11);
INSERT INTO variant_values (product_id, variant_id, option_id, value_id) VALUES (3, 45, 7, 15);
INSERT INTO variant_values (product_id, variant_id, option_id, value_id) VALUES (3, 46, 5, 10);
INSERT INTO variant_values (product_id, variant_id, option_id, value_id) VALUES (3, 46, 6, 12);
INSERT INTO variant_values (product_id, variant_id, option_id, value_id) VALUES (3, 46, 7, 15);
INSERT INTO variant_values (product_id, variant_id, option_id, value_id) VALUES (5, 47, 8, 17);
INSERT INTO variant_values (product_id, variant_id, option_id, value_id) VALUES (5, 47, 9, 19);
INSERT INTO variant_values (product_id, variant_id, option_id, value_id) VALUES (5, 47, 10, 23);
INSERT INTO variant_values (product_id, variant_id, option_id, value_id) VALUES (5, 48, 8, 18);
INSERT INTO variant_values (product_id, variant_id, option_id, value_id) VALUES (5, 48, 9, 19);
INSERT INTO variant_values (product_id, variant_id, option_id, value_id) VALUES (5, 48, 10, 23);
INSERT INTO variant_values (product_id, variant_id, option_id, value_id) VALUES (5, 49, 8, 16);
INSERT INTO variant_values (product_id, variant_id, option_id, value_id) VALUES (5, 49, 9, 20);
INSERT INTO variant_values (product_id, variant_id, option_id, value_id) VALUES (5, 49, 10, 23);
INSERT INTO variant_values (product_id, variant_id, option_id, value_id) VALUES (5, 50, 8, 17);
INSERT INTO variant_values (product_id, variant_id, option_id, value_id) VALUES (5, 50, 9, 20);
INSERT INTO variant_values (product_id, variant_id, option_id, value_id) VALUES (5, 50, 10, 23);
INSERT INTO variant_values (product_id, variant_id, option_id, value_id) VALUES (5, 51, 8, 18);
INSERT INTO variant_values (product_id, variant_id, option_id, value_id) VALUES (5, 51, 9, 20);
INSERT INTO variant_values (product_id, variant_id, option_id, value_id) VALUES (5, 51, 10, 23);
INSERT INTO variant_values (product_id, variant_id, option_id, value_id) VALUES (5, 52, 8, 16);
INSERT INTO variant_values (product_id, variant_id, option_id, value_id) VALUES (5, 52, 9, 21);
INSERT INTO variant_values (product_id, variant_id, option_id, value_id) VALUES (5, 52, 10, 23);
INSERT INTO variant_values (product_id, variant_id, option_id, value_id) VALUES (5, 53, 8, 17);
INSERT INTO variant_values (product_id, variant_id, option_id, value_id) VALUES (5, 53, 9, 21);
INSERT INTO variant_values (product_id, variant_id, option_id, value_id) VALUES (5, 53, 10, 23);
INSERT INTO variant_values (product_id, variant_id, option_id, value_id) VALUES (5, 54, 8, 18);
INSERT INTO variant_values (product_id, variant_id, option_id, value_id) VALUES (5, 54, 9, 21);
INSERT INTO variant_values (product_id, variant_id, option_id, value_id) VALUES (5, 54, 10, 23);
INSERT INTO variant_values (product_id, variant_id, option_id, value_id) VALUES (5, 55, 8, 16);
INSERT INTO variant_values (product_id, variant_id, option_id, value_id) VALUES (5, 55, 9, 22);
INSERT INTO variant_values (product_id, variant_id, option_id, value_id) VALUES (5, 55, 10, 23);
INSERT INTO variant_values (product_id, variant_id, option_id, value_id) VALUES (5, 56, 8, 17);
INSERT INTO variant_values (product_id, variant_id, option_id, value_id) VALUES (5, 56, 9, 22);
INSERT INTO variant_values (product_id, variant_id, option_id, value_id) VALUES (5, 56, 10, 23);
INSERT INTO variant_values (product_id, variant_id, option_id, value_id) VALUES (5, 57, 8, 18);
INSERT INTO variant_values (product_id, variant_id, option_id, value_id) VALUES (5, 57, 9, 22);
INSERT INTO variant_values (product_id, variant_id, option_id, value_id) VALUES (5, 57, 10, 23);
INSERT INTO variant_values (product_id, variant_id, option_id, value_id) VALUES (5, 58, 8, 16);
INSERT INTO variant_values (product_id, variant_id, option_id, value_id) VALUES (5, 58, 9, 19);
INSERT INTO variant_values (product_id, variant_id, option_id, value_id) VALUES (5, 58, 10, 24);
INSERT INTO variant_values (product_id, variant_id, option_id, value_id) VALUES (5, 59, 8, 17);
INSERT INTO variant_values (product_id, variant_id, option_id, value_id) VALUES (5, 59, 9, 19);
INSERT INTO variant_values (product_id, variant_id, option_id, value_id) VALUES (5, 59, 10, 24);
INSERT INTO variant_values (product_id, variant_id, option_id, value_id) VALUES (5, 60, 8, 18);
INSERT INTO variant_values (product_id, variant_id, option_id, value_id) VALUES (5, 60, 9, 19);
INSERT INTO variant_values (product_id, variant_id, option_id, value_id) VALUES (5, 60, 10, 24);
INSERT INTO variant_values (product_id, variant_id, option_id, value_id) VALUES (5, 61, 8, 16);
INSERT INTO variant_values (product_id, variant_id, option_id, value_id) VALUES (5, 61, 9, 20);
INSERT INTO variant_values (product_id, variant_id, option_id, value_id) VALUES (5, 61, 10, 24);
INSERT INTO variant_values (product_id, variant_id, option_id, value_id) VALUES (5, 62, 8, 17);
INSERT INTO variant_values (product_id, variant_id, option_id, value_id) VALUES (5, 62, 9, 20);
INSERT INTO variant_values (product_id, variant_id, option_id, value_id) VALUES (5, 62, 10, 24);
INSERT INTO variant_values (product_id, variant_id, option_id, value_id) VALUES (5, 63, 8, 18);
INSERT INTO variant_values (product_id, variant_id, option_id, value_id) VALUES (5, 63, 9, 20);
INSERT INTO variant_values (product_id, variant_id, option_id, value_id) VALUES (5, 63, 10, 24);
INSERT INTO variant_values (product_id, variant_id, option_id, value_id) VALUES (5, 64, 8, 16);
INSERT INTO variant_values (product_id, variant_id, option_id, value_id) VALUES (5, 64, 9, 21);
INSERT INTO variant_values (product_id, variant_id, option_id, value_id) VALUES (5, 64, 10, 24);
INSERT INTO variant_values (product_id, variant_id, option_id, value_id) VALUES (5, 65, 8, 17);
INSERT INTO variant_values (product_id, variant_id, option_id, value_id) VALUES (5, 65, 9, 21);
INSERT INTO variant_values (product_id, variant_id, option_id, value_id) VALUES (5, 65, 10, 24);
INSERT INTO variant_values (product_id, variant_id, option_id, value_id) VALUES (5, 66, 8, 18);
INSERT INTO variant_values (product_id, variant_id, option_id, value_id) VALUES (5, 66, 9, 21);
INSERT INTO variant_values (product_id, variant_id, option_id, value_id) VALUES (5, 66, 10, 24);
INSERT INTO variant_values (product_id, variant_id, option_id, value_id) VALUES (5, 67, 8, 16);
INSERT INTO variant_values (product_id, variant_id, option_id, value_id) VALUES (5, 67, 9, 22);
INSERT INTO variant_values (product_id, variant_id, option_id, value_id) VALUES (5, 67, 10, 24);
INSERT INTO variant_values (product_id, variant_id, option_id, value_id) VALUES (5, 68, 8, 17);
INSERT INTO variant_values (product_id, variant_id, option_id, value_id) VALUES (5, 68, 9, 22);
INSERT INTO variant_values (product_id, variant_id, option_id, value_id) VALUES (5, 68, 10, 24);
INSERT INTO variant_values (product_id, variant_id, option_id, value_id) VALUES (5, 69, 8, 18);
INSERT INTO variant_values (product_id, variant_id, option_id, value_id) VALUES (5, 69, 9, 22);
INSERT INTO variant_values (product_id, variant_id, option_id, value_id) VALUES (5, 69, 10, 24);
INSERT INTO variant_values (product_id, variant_id, option_id, value_id) VALUES (2, 70, 3, 5);
INSERT INTO variant_values (product_id, variant_id, option_id, value_id) VALUES (2, 70, 4, 7);
INSERT INTO variant_values (product_id, variant_id, option_id, value_id) VALUES (2, 71, 3, 6);
INSERT INTO variant_values (product_id, variant_id, option_id, value_id) VALUES (2, 71, 4, 8);

INSERT INTO variant_image (variant_id, image_name) VALUES (1, '041aeb97-3284-4d54-908d-cd15a99a19ee.png');
INSERT INTO variant_image (variant_id, image_name) VALUES (1, '78793e99-21b9-4ab9-8144-66748036fdd6.png');
INSERT INTO variant_image (variant_id, image_name) VALUES (1, '916103d0-3e9c-46d9-ba45-2915c20bf206.png');
INSERT INTO variant_image (variant_id, image_name) VALUES (2, '6a78e5b7-4f07-4fd2-a1f1-2bb33fe9bb15.png');
INSERT INTO variant_image (variant_id, image_name) VALUES (2, 'a1b755a9-a1f4-437a-b404-57eddd736ba6.png');
INSERT INTO variant_image (variant_id, image_name) VALUES (3, '06cac41d-5dc0-4ba0-9fd6-bdc4595d8afc.png');
INSERT INTO variant_image (variant_id, image_name) VALUES (3, '5bf53b92-3447-407b-8ec4-4abaf84aeb0d.png');
INSERT INTO variant_image (variant_id, image_name) VALUES (3, 'c7f3d075-6a3e-4581-bd1d-bf9fe99e7a0c.png');
INSERT INTO variant_image (variant_id, image_name) VALUES (4, '6c3fcde1-8cba-4c59-947d-3d0d845ec538.png');
INSERT INTO variant_image (variant_id, image_name) VALUES (4, '8fdb63e9-41ef-421b-81b6-9051984317b3.png');
INSERT INTO variant_image (variant_id, image_name) VALUES (5, '8e5bb046-04be-430d-b43f-50d7f8e08782.png');
INSERT INTO variant_image (variant_id, image_name) VALUES (5, '9d0a892e-2296-460a-95f0-e0c66bf7bfbc.png');
INSERT INTO variant_image (variant_id, image_name) VALUES (6, '02d19284-0569-4f97-8da1-e829efe32058.png');
INSERT INTO variant_image (variant_id, image_name) VALUES (6, 'cb1e224b-e900-49ce-a9fd-987709341c3e.png');
INSERT INTO variant_image (variant_id, image_name) VALUES (6, 'f5744f58-307c-4e3a-a305-7591cea6ddfd.png');
INSERT INTO variant_image (variant_id, image_name) VALUES (7, '3666d33d-c3b3-429a-8a3b-7ce12b17fc38.png');
INSERT INTO variant_image (variant_id, image_name) VALUES (7, '7e9ee69f-9eff-4a73-bcbe-45772c201132.png');
INSERT INTO variant_image (variant_id, image_name) VALUES (7, 'abfd0500-3b10-47fc-9a58-7f352f2e61af.png');
INSERT INTO variant_image (variant_id, image_name) VALUES (8, '24c5c333-120b-41e6-b5b9-c28677ddb2fe.png');
INSERT INTO variant_image (variant_id, image_name) VALUES (8, '3e9806b6-ddd1-4dee-8484-e3371478bcc1.png');
INSERT INTO variant_image (variant_id, image_name) VALUES (8, 'ebf46444-b7e5-43e7-ad67-baa64ce1e7c4.png');
INSERT INTO variant_image (variant_id, image_name) VALUES (9, '18ac07ed-f4f9-4a87-a2d9-644eb04630c5.png');
INSERT INTO variant_image (variant_id, image_name) VALUES (9, '38789a71-2ce9-4aa7-841c-03556539a997.png');
INSERT INTO variant_image (variant_id, image_name) VALUES (9, 'be2fac0b-6eba-4223-b594-40791ca87693.png');
INSERT INTO variant_image (variant_id, image_name) VALUES (10, '073d776e-9a6f-4272-a58e-ebbf405229ee.png');
INSERT INTO variant_image (variant_id, image_name) VALUES (10, '32133f5a-6857-48e7-852d-0531bf32e775.png');
INSERT INTO variant_image (variant_id, image_name) VALUES (11, '95521860-054d-4247-bd29-3c8ac8d914ab.png');
INSERT INTO variant_image (variant_id, image_name) VALUES (11, 'eb33c04c-5a0f-454f-9840-67d934d01000.png');
INSERT INTO variant_image (variant_id, image_name) VALUES (11, 'f5c31616-3b33-437d-8ecd-75eed097fd6d.png');
INSERT INTO variant_image (variant_id, image_name) VALUES (12, '8d85e366-208a-466a-aed9-8aef851a8645.png');
INSERT INTO variant_image (variant_id, image_name) VALUES (12, 'b57eada5-c6c9-4dd3-92a3-545dd41ef942.png');
INSERT INTO variant_image (variant_id, image_name) VALUES (12, 'c46b0f6a-b614-4dd9-8d98-637d8de47170.png');
INSERT INTO variant_image (variant_id, image_name) VALUES (13, '047b91de-986d-4229-8bc4-35e220207772.png');
INSERT INTO variant_image (variant_id, image_name) VALUES (13, '2ae938c6-4591-48a8-8a0b-0a9c477159a9.png');
INSERT INTO variant_image (variant_id, image_name) VALUES (13, 'ee6fdeb0-cd0f-445b-8283-b197d3e19e6b.png');
INSERT INTO variant_image (variant_id, image_name) VALUES (14, '142730e5-d876-43f7-9b68-0b76f3a2a802.png');
INSERT INTO variant_image (variant_id, image_name) VALUES (14, '901c3c69-5fa5-4cf9-b6d6-01fcce46810b.png');
INSERT INTO variant_image (variant_id, image_name) VALUES (14, '9722a921-ac12-4431-8a61-7eebebaefeff.png');
INSERT INTO variant_image (variant_id, image_name) VALUES (14, '9cf738f5-ae07-4a26-bc84-fd3731c0758b.png');
INSERT INTO variant_image (variant_id, image_name) VALUES (15, '0a040b1e-2c6a-4ec2-a694-61a81a3b0ffa.png');
INSERT INTO variant_image (variant_id, image_name) VALUES (15, '8a433133-efa1-4abc-aaf1-3852ceb7b900.png');
INSERT INTO variant_image (variant_id, image_name) VALUES (15, '9d08cc89-4202-410f-a7ff-312c9866c597.png');
INSERT INTO variant_image (variant_id, image_name) VALUES (16, '11c4d24c-dc87-4342-bc24-c2eae3268934.png');
INSERT INTO variant_image (variant_id, image_name) VALUES (16, 'e1093666-c01c-4520-b762-48cacc22fc46.png');
INSERT INTO variant_image (variant_id, image_name) VALUES (17, 'edfb4893-2e32-4a4d-b4fd-e403341f9b31.png');
INSERT INTO variant_image (variant_id, image_name) VALUES (18, 'be7c8b9c-111e-43f1-ad46-621401568aec.png');
INSERT INTO variant_image (variant_id, image_name) VALUES (19, '72d36ce0-45b9-4d5a-8b86-95bb769e3bfd.png');
INSERT INTO variant_image (variant_id, image_name) VALUES (19, 'a7556d30-a7b2-4b81-891e-8cc4ced8c864.png');
INSERT INTO variant_image (variant_id, image_name) VALUES (20, '06608ead-4e7c-4dae-b78b-398007149a22.png');
INSERT INTO variant_image (variant_id, image_name) VALUES (20, '2374696f-8cc6-49bd-9438-09adf8eb8a77.png');
INSERT INTO variant_image (variant_id, image_name) VALUES (21, '9d2fa710-98eb-48dc-809c-722e1f21056e.png');
INSERT INTO variant_image (variant_id, image_name) VALUES (22, 'e9811d49-52ff-40b8-8a80-bee38b3e6cf9.png');
INSERT INTO variant_image (variant_id, image_name) VALUES (23, '2ecd1c8e-15c2-4192-93be-999440fc7958.png');
INSERT INTO variant_image (variant_id, image_name) VALUES (24, 'fc6de099-27ef-4e77-811c-63f5075e82f0.png');
INSERT INTO variant_image (variant_id, image_name) VALUES (25, '9486128b-244e-4182-b285-beece920bf9f.png');
INSERT INTO variant_image (variant_id, image_name) VALUES (26, 'b8ea6546-ac70-4188-9455-339b1ad91d59.png');
INSERT INTO variant_image (variant_id, image_name) VALUES (27, 'abc2eca4-9fe9-4bb0-ae74-decf3104615a.png');
INSERT INTO variant_image (variant_id, image_name) VALUES (28, '324aa310-26b7-40b3-8cbf-6f9831264d9b.png');
INSERT INTO variant_image (variant_id, image_name) VALUES (29, '953a3f94-e2a7-447e-8707-ddf5c0f98744.png');
INSERT INTO variant_image (variant_id, image_name) VALUES (30, '44138a50-9c9d-481b-ab33-6b2dffc49bb1.png');
INSERT INTO variant_image (variant_id, image_name) VALUES (31, '20535b06-cf97-4032-83cb-94abd555c653.png');
INSERT INTO variant_image (variant_id, image_name) VALUES (31, 'e77d3a92-1cae-46d7-8007-a11df7358d37.png');
INSERT INTO variant_image (variant_id, image_name) VALUES (32, '0effe6ad-bb7d-4847-a5db-1fd2f7e11756.png');
INSERT INTO variant_image (variant_id, image_name) VALUES (32, 'b4f884d6-a393-4c50-8867-fadf0a908ca1.png');
INSERT INTO variant_image (variant_id, image_name) VALUES (33, '0850b545-1621-42e8-9c0e-3ad378359574.png');
INSERT INTO variant_image (variant_id, image_name) VALUES (33, '42ab76ce-e5cf-4eb8-a9b3-7c30b5426cd4.png');
INSERT INTO variant_image (variant_id, image_name) VALUES (34, '7a010d97-0f93-49db-b098-1dc400338729.png');
INSERT INTO variant_image (variant_id, image_name) VALUES (35, '53230e7d-4ca1-4fb4-bd89-dd69ce3c78e7.png');
INSERT INTO variant_image (variant_id, image_name) VALUES (36, '0821ff48-79df-43d4-925c-e776aea49d08.png');
INSERT INTO variant_image (variant_id, image_name) VALUES (37, '76361ed9-9cdc-4e41-a4f8-d8e55514176a.png');
INSERT INTO variant_image (variant_id, image_name) VALUES (38, 'f336f061-0b71-4728-a2c1-a4a9b6ac1a32.png');
INSERT INTO variant_image (variant_id, image_name) VALUES (39, 'f1cf44a1-6e31-4ec6-8766-a66b8d4911b5.png');
INSERT INTO variant_image (variant_id, image_name) VALUES (40, 'de311e22-1375-4bc4-9b9c-5bc884e362c7.png');
INSERT INTO variant_image (variant_id, image_name) VALUES (41, '685b32eb-5b7d-4d62-bd4b-c4fe4f4b63c6.png');
INSERT INTO variant_image (variant_id, image_name) VALUES (42, '0700aad8-ff3b-4ef8-87fd-d7814df9c05a.png');
INSERT INTO variant_image (variant_id, image_name) VALUES (43, '490976f1-bc7c-4ff2-8652-0baaadaacd04.png');
INSERT INTO variant_image (variant_id, image_name) VALUES (44, 'ff67a9ec-74c7-4014-b3dd-a2cd3d83459d.png');
INSERT INTO variant_image (variant_id, image_name) VALUES (45, 'd897d5ef-efcb-4922-b211-78d423091297.png');
INSERT INTO variant_image (variant_id, image_name) VALUES (46, 'f55e65fa-1658-40ac-9379-299c19dbab59.png');
INSERT INTO variant_image (variant_id, image_name) VALUES (47, 'd834acac-60f0-4f6d-8f78-a68ab91110ba.png');
INSERT INTO variant_image (variant_id, image_name) VALUES (48, '269eba18-e36b-4b11-9c30-4cab6cca763c.png');
INSERT INTO variant_image (variant_id, image_name) VALUES (49, '1fb8c365-ff8a-47c8-ba8d-acdc697e2389.png');
INSERT INTO variant_image (variant_id, image_name) VALUES (50, '2ae0606c-8c4b-4b0a-bd25-0de8e69ef03d.png');
INSERT INTO variant_image (variant_id, image_name) VALUES (51, '8c926707-1ce2-466f-b150-4aa0959366d3.png');
INSERT INTO variant_image (variant_id, image_name) VALUES (52, '369e835b-eefe-49a5-b83b-29954f5b0455.png');
INSERT INTO variant_image (variant_id, image_name) VALUES (53, '2cd0c745-d9af-4547-96d9-a5c2e6dc849a.png');
INSERT INTO variant_image (variant_id, image_name) VALUES (54, 'aa998751-d29c-4fa1-9e57-b7135a4df161.png');
INSERT INTO variant_image (variant_id, image_name) VALUES (55, 'cd10a548-3c6d-441b-9d4d-cced53102304.png');
INSERT INTO variant_image (variant_id, image_name) VALUES (56, '40c47d11-d1c3-4caf-9f53-03e7a298ed51.png');
INSERT INTO variant_image (variant_id, image_name) VALUES (57, '27a0387e-a8ad-42b6-bd7d-7d2313547507.png');
INSERT INTO variant_image (variant_id, image_name) VALUES (58, 'cc6bfc66-15e0-4341-8129-55876f43a982.png');
INSERT INTO variant_image (variant_id, image_name) VALUES (59, '95fd0afe-cdcd-45a9-bb26-e67662e41da2.png');
INSERT INTO variant_image (variant_id, image_name) VALUES (60, '2696bc81-6279-4d6e-b318-47b7001d9e96.png');
INSERT INTO variant_image (variant_id, image_name) VALUES (61, 'ed6221b0-4919-46fa-8c1a-c35a95869be7.png');
INSERT INTO variant_image (variant_id, image_name) VALUES (62, '1ecad0b6-1a6e-4d86-b50a-79f0be82b4d6.png');
INSERT INTO variant_image (variant_id, image_name) VALUES (63, '04e561a1-41dd-41bb-8b04-7f678902967b.png');
INSERT INTO variant_image (variant_id, image_name) VALUES (64, '609e69ea-91e2-48fa-9af5-591ddd141184.png');
INSERT INTO variant_image (variant_id, image_name) VALUES (65, 'c35f6201-6f0d-4243-9077-e97bb5fd575c.png');
INSERT INTO variant_image (variant_id, image_name) VALUES (66, '83a4e35f-6242-4a98-874d-22d8fef83cbb.png');
INSERT INTO variant_image (variant_id, image_name) VALUES (67, 'acdcc8fd-679e-481c-b506-49c09cba43fc.png');
INSERT INTO variant_image (variant_id, image_name) VALUES (68, '54454d83-d064-47c2-80b7-d8f0bdebbe15.png');
INSERT INTO variant_image (variant_id, image_name) VALUES (69, '25ee9fe0-d7fd-46b3-9fd3-d80597cf97e6.png');
INSERT INTO variant_image (variant_id, image_name) VALUES (70, '30622c98-dd25-47ea-b462-b84b8edbcc53.png');
INSERT INTO variant_image (variant_id, image_name) VALUES (71, '058735aa-8af1-4298-b8c3-28f6d10c2f0b.png');
