use texas_e_store;

# products

insert into product (product_id, product_title, sku, product_weight, image_name, availability) values (1, 'Nokia 7 Plus', '0123456789', 177, '5d398d54-f630-4c4a-9122-04a184d82931.png', 'AVAILABLE');
insert into product (product_id, product_title, sku, product_weight, image_name, availability) values (2, 'iPhone X', '0987654321', 174, '3d1d3b00-74bd-4b04-afe4-798a827cdb61.png', 'AVAILABLE');
insert into product (product_id, product_title, sku, product_weight, image_name, availability) values (3, 'Asus VivoBook Pro', '0563214789', 2000, '87ce7344-e6c9-4c0d-b64e-169db00d99cd.png', 'AVAILABLE');
insert into product (product_id, product_title, sku, product_weight, image_name, availability) values (5, 'Galaxy Tab A', '4597231809', 200, '3eb765f4-6e08-4544-8312-e40b9ce7a093.png', 'AVAILABLE');
insert into product (product_id, product_title, sku, product_weight, image_name, availability) values (7, 'HP Pavilion 15', '07812546938', 2000, '54e93a83-a994-4952-b431-ee2c8b9506ef.png', 'AVAILABLE');
insert into product (product_id, product_title, sku, product_weight, image_name, availability) values (8, 'Nikon D7500', '6712489325', 1000, '88bb0b8c-734e-4415-a04d-ede9190a4053.png', 'AVAILABLE');
insert into product (product_id, product_title, sku, product_weight, image_name, availability) values (9, 'Nikon D500', '9632485176', 1000, 'cd82303a-f316-4aa9-b3a1-22b1b938a468.png', 'AVAILABLE');
insert into product (product_id, product_title, sku, product_weight, image_name, availability) values (10, 'iWatch Series 7', '3541796820', 32, '47db40bf-3fde-4c60-b28a-a5a681782e30.png', 'AVAILABLE');
insert into product (product_id, product_title, sku, product_weight, image_name, availability) values (11, 'iPad Pro', '4896347210', 682, '874ad8a3-a666-4b4e-a22a-553f577e34e9.png', 'AVAILABLE');

insert into product_category (product_id, category_id, sub_category_id) values (1, 1, 6);
insert into product_category (product_id, category_id, sub_category_id) values (2, 1, 1);
insert into product_category (product_id, category_id, sub_category_id) values (5, 2, 5);
insert into product_category (product_id, category_id, sub_category_id) values (11, 2, 1);
insert into product_category (product_id, category_id, sub_category_id) values (3, 3, 8);
insert into product_category (product_id, category_id, sub_category_id) values (7, 3, 7);
insert into product_category (product_id, category_id, sub_category_id) values (8, 4, 2);
insert into product_category (product_id, category_id, sub_category_id) values (9, 4, 2);
insert into product_category (product_id, category_id, sub_category_id) values (10, 6, 1);

insert into custom_feature (custom_feature_id, product_id, custom_feature_name, custom_feature_val) values (1, 1, 'Display', 'IPS LCD, 6.0 inches, 92.4 cm2 (~77.2% screen-to-body ratio), 1080 x 2160 pixels, 18:9 ratio (~403 ppi density)');
insert into custom_feature (custom_feature_id, product_id, custom_feature_name, custom_feature_val) values (2, 1, 'Operating System', 'Android 8.1 (Oreo), upgradable to Android 10, Android One');
insert into custom_feature (custom_feature_id, product_id, custom_feature_name, custom_feature_val) values (3, 1, 'Chipset', 'Qualcomm SDM660 Snapdragon 660 (14 nm)');
insert into custom_feature (custom_feature_id, product_id, custom_feature_name, custom_feature_val) values (4, 1, 'Network', 'GSM / CDMA / HSPA / EVDO / LTE');
insert into custom_feature (custom_feature_id, product_id, custom_feature_name, custom_feature_val) values (5, 1, 'Storage', '64GB');
insert into custom_feature (custom_feature_id, product_id, custom_feature_name, custom_feature_val) values (6, 2, 'Operating System', 'iOS 11.1.1, up to iOS 15.5, planned upgrade to iOS 16');
insert into custom_feature (custom_feature_id, product_id, custom_feature_name, custom_feature_val) values (7, 2, 'Chipset', 'Apple A11 Bionic (10 nm)');
insert into custom_feature (custom_feature_id, product_id, custom_feature_name, custom_feature_val) values (8, 2, 'RAM', '3GB');
insert into custom_feature (custom_feature_id, product_id, custom_feature_name, custom_feature_val) values (9, 2, 'Network', 'GSM / HSPA / LTE');
insert into custom_feature (custom_feature_id, product_id, custom_feature_name, custom_feature_val) values (10, 3, 'Processor', '12th Gen Intel Core™ i7 processor');
insert into custom_feature (custom_feature_id, product_id, custom_feature_name, custom_feature_val) values (11, 3, 'Graphics', ' NVIDIA® GeForce® RTX3060');
insert into custom_feature (custom_feature_id, product_id, custom_feature_name, custom_feature_val) values (12, 3, 'Display', '15.6” 144Hz FHD IPS display');
insert into custom_feature (custom_feature_id, product_id, custom_feature_name, custom_feature_val) values (13, 3, 'Operating System', 'Windows 11 Home');
insert into custom_feature (custom_feature_id, product_id, custom_feature_name, custom_feature_val) values (14, 5, 'Display', 'TFT LCD, 10.1 inches, 295.8 cm2 (~80.7% screen-to-body ratio), 1200 x 1920 pixels, 16:10 ratio (~224 ppi density)');
insert into custom_feature (custom_feature_id, product_id, custom_feature_name, custom_feature_val) values (15, 5, 'Operating System', 'Android 9.0 (Pie), upgradable to Android 11, One UI 3.0');
insert into custom_feature (custom_feature_id, product_id, custom_feature_name, custom_feature_val) values (16, 5, 'Chipset', 'Exynos 7904 (14 nm)');
insert into custom_feature (custom_feature_id, product_id, custom_feature_name, custom_feature_val) values (17, 7, 'Operating System', 'Windows 11 Home');
insert into custom_feature (custom_feature_id, product_id, custom_feature_name, custom_feature_val) values (18, 7, 'Screen Size', '15.6"');
insert into custom_feature (custom_feature_id, product_id, custom_feature_name, custom_feature_val) values (19, 7, 'Display', 'FHD IPS LED');
insert into custom_feature (custom_feature_id, product_id, custom_feature_name, custom_feature_val) values (20, 8, 'Sensor', '20.9MP DX-Format CMOS Sensor');
insert into custom_feature (custom_feature_id, product_id, custom_feature_name, custom_feature_val) values (21, 8, 'Image Processor', 'EXPEED 5');
insert into custom_feature (custom_feature_id, product_id, custom_feature_name, custom_feature_val) values (22, 8, 'Screen', '3.2" 922k-Dot Tilting Touchscreen LCD');
insert into custom_feature (custom_feature_id, product_id, custom_feature_name, custom_feature_val) values (23, 8, 'Video Recording', '4K UHD at 30 fps');
insert into custom_feature (custom_feature_id, product_id, custom_feature_name, custom_feature_val) values (24, 9, 'Sensor', '20.9MP DX-Format CMOS Sensor');
insert into custom_feature (custom_feature_id, product_id, custom_feature_name, custom_feature_val) values (25, 9, 'Image Processor', 'EXPEED 5');
insert into custom_feature (custom_feature_id, product_id, custom_feature_name, custom_feature_val) values (26, 9, 'Video Recording', '4K UHD at 30 fps');
insert into custom_feature (custom_feature_id, product_id, custom_feature_name, custom_feature_val) values (27, 9, 'Screen', '3.2" 2539k-Dot Tilting Touchscreen LCD');
insert into custom_feature (custom_feature_id, product_id, custom_feature_name, custom_feature_val) values (28, 10, 'Network', 'GSM / HSPA / LTE');
insert into custom_feature (custom_feature_id, product_id, custom_feature_name, custom_feature_val) values (29, 10, 'Dimensions', '45 x 38 x 10.7 mm');
insert into custom_feature (custom_feature_id, product_id, custom_feature_name, custom_feature_val) values (30, 10, 'Operating System', 'watchOS 8.0, up to 8.6, planned upgrade to watchOS 9.0');
insert into custom_feature (custom_feature_id, product_id, custom_feature_name, custom_feature_val) values (31, 10, 'Chipset', 'Apple S7');
insert into custom_feature (custom_feature_id, product_id, custom_feature_name, custom_feature_val) values (32, 10, 'Display', 'Retina LTPO OLED, 1000 nits (peak), 1.9 inches, 484 x 396 pixels (~326 ppi density)');
insert into custom_feature (custom_feature_id, product_id, custom_feature_name, custom_feature_val) values (33, 11, 'Network', 'GSM / CDMA / HSPA / EVDO / LTE / 5G');
insert into custom_feature (custom_feature_id, product_id, custom_feature_name, custom_feature_val) values (34, 11, 'Display', 'Liquid Retina XDR mini-LED LCD, 120Hz, HDR10, Dolby Vision, 1000 nits (typ), 1600 nits (peak), 12.9 inches, 515.3 cm2 (~85.4% screen-to-body ratio), 2048 x 2732 pixels, 4:3 ratio (~265 ppi density)');
insert into custom_feature (custom_feature_id, product_id, custom_feature_name, custom_feature_val) values (35, 11, 'Operating System', 'iPadOS 14.5.1, up to iPadOS 15.5, planned upgrade to iPadOS 16');
insert into custom_feature (custom_feature_id, product_id, custom_feature_name, custom_feature_val) values (36, 11, 'Chipset', 'Apple M1');

insert into variant (variant_id, product_id, variant_name, price, quantity) values (1, 1, 'Black/Copper - 4GB ', 60000.00, 25);
insert into variant (variant_id, product_id, variant_name, price, quantity) values (2, 1, 'White/Copper - 4GB', 60000.00, 10);
insert into variant (variant_id, product_id, variant_name, price, quantity) values (3, 1, 'Black/Copper - 6GB', 65000.00, 12);
insert into variant (variant_id, product_id, variant_name, price, quantity) values (4, 2, 'Silver - 64GB', 200000.00, 4);
insert into variant (variant_id, product_id, variant_name, price, quantity) values (5, 2, 'Gray - 256GB', 220000.00, 3);
insert into variant (variant_id, product_id, variant_name, price, quantity) values (6, 3, 'Black - 8GB - 1TB', 250000.00, 10);
insert into variant (variant_id, product_id, variant_name, price, quantity) values (7, 3, 'Silver - 8GB - 2TB', 275000.00, 8);
insert into variant (variant_id, product_id, variant_name, price, quantity) values (8, 3, 'Silver - 16GB - 1TB', 285000.00, 3);
insert into variant (variant_id, product_id, variant_name, price, quantity) values (9, 3, 'Black - 2TB - 32GB', 300000.00, 2);
insert into variant (variant_id, product_id, variant_name, price, quantity) values (10, 5, 'Black - 16GB - 2GB', 50000.00, 10);
insert into variant (variant_id, product_id, variant_name, price, quantity) values (11, 7, 'Silver - 512GB - 8GB - i5', 300000.00, 9);
insert into variant (variant_id, product_id, variant_name, price, quantity) values (12, 7, 'Blue - 1TB - 8GB - i5', 320000.00, 7);
insert into variant (variant_id, product_id, variant_name, price, quantity) values (13, 7, 'Gold - 2TB - 16GB - i7', 410000.00, 4);
insert into variant (variant_id, product_id, variant_name, price, quantity) values (14, 7, 'Teal - 1TB - 8GB - i7', 365000.00, 3);
insert into variant (variant_id, product_id, variant_name, price, quantity) values (15, 8, 'D7500 - Default', 500000.00, 2);
insert into variant (variant_id, product_id, variant_name, price, quantity) values (16, 9, 'D500 - Default', 400000.00, 3);
insert into variant (variant_id, product_id, variant_name, price, quantity) values (17, 10, 'Silver - Steel', 250000.00, 17);
insert into variant (variant_id, product_id, variant_name, price, quantity) values (18, 10, 'Green - Aluminium', 250000.00, 11);
insert into variant (variant_id, product_id, variant_name, price, quantity) values (19, 11, 'Gray - 8GB - 128GB', 345000.00, 10);
insert into variant (variant_id, product_id, variant_name, price, quantity) values (20, 11, 'Silver - 8GB - 128GB', 345000.00, 14);

update product set default_variant_id = 1 where product_id = 1;
update product set default_variant_id = 4 where product_id = 2;
update product set default_variant_id = 6 where product_id = 3;
update product set default_variant_id = 10 where product_id = 5;
update product set default_variant_id = 11 where product_id = 7;
update product set default_variant_id = 15 where product_id = 8;
update product set default_variant_id = 16 where product_id = 9;
update product set default_variant_id = 17 where product_id = 10;
update product set default_variant_id = 19 where product_id = 11;

insert into variant_option (option_id, product_id, option_name) values (1, 1, 'Color');
insert into variant_option (option_id, product_id, option_name) values (2, 1, 'RAM');
insert into variant_option (option_id, product_id, option_name) values (3, 2, 'Storage');
insert into variant_option (option_id, product_id, option_name) values (4, 2, 'Color');
insert into variant_option (option_id, product_id, option_name) values (5, 3, 'Color');
insert into variant_option (option_id, product_id, option_name) values (6, 3, 'Storage');
insert into variant_option (option_id, product_id, option_name) values (7, 3, 'RAM');
insert into variant_option (option_id, product_id, option_name) values (8, 5, 'Color');
insert into variant_option (option_id, product_id, option_name) values (9, 5, 'Storage');
insert into variant_option (option_id, product_id, option_name) values (10, 5, 'RAM');
insert into variant_option (option_id, product_id, option_name) values (11, 7, 'Color');
insert into variant_option (option_id, product_id, option_name) values (12, 7, 'Storage');
insert into variant_option (option_id, product_id, option_name) values (13, 7, 'RAM');
insert into variant_option (option_id, product_id, option_name) values (14, 7, 'Processor');
insert into variant_option (option_id, product_id, option_name) values (15, 10, 'Case');
insert into variant_option (option_id, product_id, option_name) values (16, 10, 'Color');
insert into variant_option (option_id, product_id, option_name) values (17, 11, 'Color');
insert into variant_option (option_id, product_id, option_name) values (18, 11, 'RAM');
insert into variant_option (option_id, product_id, option_name) values (19, 11, 'Storage');

insert into variant_option_values (value_id, product_id, option_id, value_name) values (1, 1, 1, 'Black/Copper');
insert into variant_option_values (value_id, product_id, option_id, value_name) values (2, 1, 1, 'White/Copper');
insert into variant_option_values (value_id, product_id, option_id, value_name) values (3, 1, 2, '4GB');
insert into variant_option_values (value_id, product_id, option_id, value_name) values (4, 1, 2, '6GB');
insert into variant_option_values (value_id, product_id, option_id, value_name) values (5, 2, 3, '64GB');
insert into variant_option_values (value_id, product_id, option_id, value_name) values (6, 2, 3, '256GB');
insert into variant_option_values (value_id, product_id, option_id, value_name) values (7, 2, 4, 'Space Gray');
insert into variant_option_values (value_id, product_id, option_id, value_name) values (8, 2, 4, 'Silver');
insert into variant_option_values (value_id, product_id, option_id, value_name) values (9, 3, 5, 'Black');
insert into variant_option_values (value_id, product_id, option_id, value_name) values (10, 3, 5, 'Silver');
insert into variant_option_values (value_id, product_id, option_id, value_name) values (11, 3, 6, '1TB');
insert into variant_option_values (value_id, product_id, option_id, value_name) values (12, 3, 6, '2TB');
insert into variant_option_values (value_id, product_id, option_id, value_name) values (13, 3, 7, '8GB');
insert into variant_option_values (value_id, product_id, option_id, value_name) values (14, 3, 7, '16GB');
insert into variant_option_values (value_id, product_id, option_id, value_name) values (15, 3, 7, '32GB');
insert into variant_option_values (value_id, product_id, option_id, value_name) values (16, 5, 8, 'Black');
insert into variant_option_values (value_id, product_id, option_id, value_name) values (17, 5, 8, 'Gold');
insert into variant_option_values (value_id, product_id, option_id, value_name) values (18, 5, 8, 'Silver');
insert into variant_option_values (value_id, product_id, option_id, value_name) values (19, 5, 9, '16GB');
insert into variant_option_values (value_id, product_id, option_id, value_name) values (20, 5, 9, '32GB');
insert into variant_option_values (value_id, product_id, option_id, value_name) values (21, 5, 9, '64GB');
insert into variant_option_values (value_id, product_id, option_id, value_name) values (22, 5, 9, '128GB');
insert into variant_option_values (value_id, product_id, option_id, value_name) values (23, 5, 10, '2GB');
insert into variant_option_values (value_id, product_id, option_id, value_name) values (24, 5, 10, '3GB');
insert into variant_option_values (value_id, product_id, option_id, value_name) values (25, 7, 11, 'Natural Silver');
insert into variant_option_values (value_id, product_id, option_id, value_name) values (26, 7, 11, 'Fog Blue');
insert into variant_option_values (value_id, product_id, option_id, value_name) values (27, 7, 11, 'Forest Teal');
insert into variant_option_values (value_id, product_id, option_id, value_name) values (28, 7, 11, 'Warm Gold');
insert into variant_option_values (value_id, product_id, option_id, value_name) values (29, 7, 12, '512GB');
insert into variant_option_values (value_id, product_id, option_id, value_name) values (30, 7, 12, '1TB');
insert into variant_option_values (value_id, product_id, option_id, value_name) values (31, 7, 12, '2TB');
insert into variant_option_values (value_id, product_id, option_id, value_name) values (32, 7, 13, '8GB');
insert into variant_option_values (value_id, product_id, option_id, value_name) values (33, 7, 13, '16GB');
insert into variant_option_values (value_id, product_id, option_id, value_name) values (34, 7, 14, 'Intel Core i5');
insert into variant_option_values (value_id, product_id, option_id, value_name) values (35, 7, 14, 'Intel Core i7');
insert into variant_option_values (value_id, product_id, option_id, value_name) values (36, 10, 15, 'Stainless Steel');
insert into variant_option_values (value_id, product_id, option_id, value_name) values (37, 10, 15, 'Aluminum ');
insert into variant_option_values (value_id, product_id, option_id, value_name) values (38, 10, 16, 'Silver');
insert into variant_option_values (value_id, product_id, option_id, value_name) values (39, 10, 16, 'Green');
insert into variant_option_values (value_id, product_id, option_id, value_name) values (40, 10, 16, 'Blue');
insert into variant_option_values (value_id, product_id, option_id, value_name) values (41, 10, 16, 'Midnight');
insert into variant_option_values (value_id, product_id, option_id, value_name) values (42, 10, 16, 'Gold');
insert into variant_option_values (value_id, product_id, option_id, value_name) values (43, 10, 16, 'Graphite');
insert into variant_option_values (value_id, product_id, option_id, value_name) values (44, 10, 16, 'Red');
insert into variant_option_values (value_id, product_id, option_id, value_name) values (45, 11, 17, 'Silver');
insert into variant_option_values (value_id, product_id, option_id, value_name) values (46, 11, 17, 'Space Gray');
insert into variant_option_values (value_id, product_id, option_id, value_name) values (47, 11, 18, '8GB');
insert into variant_option_values (value_id, product_id, option_id, value_name) values (48, 11, 18, '16GB');
insert into variant_option_values (value_id, product_id, option_id, value_name) values (49, 11, 19, '128GB');
insert into variant_option_values (value_id, product_id, option_id, value_name) values (50, 11, 19, '256GB');
insert into variant_option_values (value_id, product_id, option_id, value_name) values (51, 11, 19, '512GB');

insert into variant_values (product_id, variant_id, option_id, value_id) values (1, 1, 1, 1);
insert into variant_values (product_id, variant_id, option_id, value_id) values (1, 1, 2, 3);
insert into variant_values (product_id, variant_id, option_id, value_id) values (1, 2, 1, 2);
insert into variant_values (product_id, variant_id, option_id, value_id) values (1, 2, 2, 3);
insert into variant_values (product_id, variant_id, option_id, value_id) values (1, 3, 1, 1);
insert into variant_values (product_id, variant_id, option_id, value_id) values (1, 3, 2, 4);
insert into variant_values (product_id, variant_id, option_id, value_id) values (2, 4, 3, 5);
insert into variant_values (product_id, variant_id, option_id, value_id) values (2, 4, 4, 8);
insert into variant_values (product_id, variant_id, option_id, value_id) values (2, 5, 3, 6);
insert into variant_values (product_id, variant_id, option_id, value_id) values (2, 5, 4, 7);
insert into variant_values (product_id, variant_id, option_id, value_id) values (3, 6, 5, 9);
insert into variant_values (product_id, variant_id, option_id, value_id) values (3, 6, 6, 11);
insert into variant_values (product_id, variant_id, option_id, value_id) values (3, 6, 7, 13);
insert into variant_values (product_id, variant_id, option_id, value_id) values (3, 7, 5, 10);
insert into variant_values (product_id, variant_id, option_id, value_id) values (3, 7, 6, 12);
insert into variant_values (product_id, variant_id, option_id, value_id) values (3, 7, 7, 13);
insert into variant_values (product_id, variant_id, option_id, value_id) values (3, 8, 5, 10);
insert into variant_values (product_id, variant_id, option_id, value_id) values (3, 8, 6, 11);
insert into variant_values (product_id, variant_id, option_id, value_id) values (3, 8, 7, 14);
insert into variant_values (product_id, variant_id, option_id, value_id) values (3, 9, 5, 9);
insert into variant_values (product_id, variant_id, option_id, value_id) values (3, 9, 6, 12);
insert into variant_values (product_id, variant_id, option_id, value_id) values (3, 9, 7, 15);
insert into variant_values (product_id, variant_id, option_id, value_id) values (5, 10, 8, 16);
insert into variant_values (product_id, variant_id, option_id, value_id) values (5, 10, 9, 19);
insert into variant_values (product_id, variant_id, option_id, value_id) values (5, 10, 10, 23);
insert into variant_values (product_id, variant_id, option_id, value_id) values (7, 11, 11, 25);
insert into variant_values (product_id, variant_id, option_id, value_id) values (7, 11, 12, 29);
insert into variant_values (product_id, variant_id, option_id, value_id) values (7, 11, 13, 32);
insert into variant_values (product_id, variant_id, option_id, value_id) values (7, 11, 14, 34);
insert into variant_values (product_id, variant_id, option_id, value_id) values (7, 12, 11, 26);
insert into variant_values (product_id, variant_id, option_id, value_id) values (7, 12, 12, 30);
insert into variant_values (product_id, variant_id, option_id, value_id) values (7, 12, 13, 32);
insert into variant_values (product_id, variant_id, option_id, value_id) values (7, 12, 14, 34);
insert into variant_values (product_id, variant_id, option_id, value_id) values (7, 13, 11, 28);
insert into variant_values (product_id, variant_id, option_id, value_id) values (7, 13, 12, 31);
insert into variant_values (product_id, variant_id, option_id, value_id) values (7, 13, 13, 33);
insert into variant_values (product_id, variant_id, option_id, value_id) values (7, 13, 14, 35);
insert into variant_values (product_id, variant_id, option_id, value_id) values (7, 14, 11, 27);
insert into variant_values (product_id, variant_id, option_id, value_id) values (7, 14, 12, 30);
insert into variant_values (product_id, variant_id, option_id, value_id) values (7, 14, 13, 32);
insert into variant_values (product_id, variant_id, option_id, value_id) values (7, 14, 14, 35);
insert into variant_values (product_id, variant_id, option_id, value_id) values (10, 17, 15, 36);
insert into variant_values (product_id, variant_id, option_id, value_id) values (10, 17, 16, 38);
insert into variant_values (product_id, variant_id, option_id, value_id) values (10, 18, 15, 37);
insert into variant_values (product_id, variant_id, option_id, value_id) values (10, 18, 16, 39);
insert into variant_values (product_id, variant_id, option_id, value_id) values (11, 19, 17, 46);
insert into variant_values (product_id, variant_id, option_id, value_id) values (11, 19, 18, 47);
insert into variant_values (product_id, variant_id, option_id, value_id) values (11, 19, 19, 49);
insert into variant_values (product_id, variant_id, option_id, value_id) values (11, 20, 17, 45);
insert into variant_values (product_id, variant_id, option_id, value_id) values (11, 20, 18, 47);
insert into variant_values (product_id, variant_id, option_id, value_id) values (11, 20, 19, 49);

insert into variant_image (variant_id, image_name) values (1, '041aeb97-3284-4d54-908d-cd15a99a19ee.png');
insert into variant_image (variant_id, image_name) values (1, '78793e99-21b9-4ab9-8144-66748036fdd6.png');
insert into variant_image (variant_id, image_name) values (1, '916103d0-3e9c-46d9-ba45-2915c20bf206.png');
insert into variant_image (variant_id, image_name) values (2, '6a78e5b7-4f07-4fd2-a1f1-2bb33fe9bb15.png');
insert into variant_image (variant_id, image_name) values (2, 'a1b755a9-a1f4-437a-b404-57eddd736ba6.png');
insert into variant_image (variant_id, image_name) values (3, '06cac41d-5dc0-4ba0-9fd6-bdc4595d8afc.png');
insert into variant_image (variant_id, image_name) values (3, '5bf53b92-3447-407b-8ec4-4abaf84aeb0d.png');
insert into variant_image (variant_id, image_name) values (3, 'c7f3d075-6a3e-4581-bd1d-bf9fe99e7a0c.png');
insert into variant_image (variant_id, image_name) values (4, '6c3fcde1-8cba-4c59-947d-3d0d845ec538.png');
insert into variant_image (variant_id, image_name) values (4, '8fdb63e9-41ef-421b-81b6-9051984317b3.png');
insert into variant_image (variant_id, image_name) values (5, '8e5bb046-04be-430d-b43f-50d7f8e08782.png');
insert into variant_image (variant_id, image_name) values (5, '9d0a892e-2296-460a-95f0-e0c66bf7bfbc.png');
insert into variant_image (variant_id, image_name) values (6, '02d19284-0569-4f97-8da1-e829efe32058.png');
insert into variant_image (variant_id, image_name) values (6, 'cb1e224b-e900-49ce-a9fd-987709341c3e.png');
insert into variant_image (variant_id, image_name) values (6, 'f5744f58-307c-4e3a-a305-7591cea6ddfd.png');
insert into variant_image (variant_id, image_name) values (7, '3666d33d-c3b3-429a-8a3b-7ce12b17fc38.png');
insert into variant_image (variant_id, image_name) values (7, 'abfd0500-3b10-47fc-9a58-7f352f2e61af.png');
insert into variant_image (variant_id, image_name) values (8, '24c5c333-120b-41e6-b5b9-c28677ddb2fe.png');
insert into variant_image (variant_id, image_name) values (8, '3e9806b6-ddd1-4dee-8484-e3371478bcc1.png');
insert into variant_image (variant_id, image_name) values (8, 'ebf46444-b7e5-43e7-ad67-baa64ce1e7c4.png');
insert into variant_image (variant_id, image_name) values (9, '18ac07ed-f4f9-4a87-a2d9-644eb04630c5.png');
insert into variant_image (variant_id, image_name) values (9, '38789a71-2ce9-4aa7-841c-03556539a997.png');
insert into variant_image (variant_id, image_name) values (9, 'be2fac0b-6eba-4223-b594-40791ca87693.png');
insert into variant_image (variant_id, image_name) values (11, '95521860-054d-4247-bd29-3c8ac8d914ab.png');
insert into variant_image (variant_id, image_name) values (11, 'eb33c04c-5a0f-454f-9840-67d934d01000.png');
insert into variant_image (variant_id, image_name) values (11, 'f5c31616-3b33-437d-8ecd-75eed097fd6d.png');
insert into variant_image (variant_id, image_name) values (12, '8d85e366-208a-466a-aed9-8aef851a8645.png');
insert into variant_image (variant_id, image_name) values (12, 'b57eada5-c6c9-4dd3-92a3-545dd41ef942.png');
insert into variant_image (variant_id, image_name) values (12, 'c46b0f6a-b614-4dd9-8d98-637d8de47170.png');
insert into variant_image (variant_id, image_name) values (13, '047b91de-986d-4229-8bc4-35e220207772.png');
insert into variant_image (variant_id, image_name) values (13, '2ae938c6-4591-48a8-8a0b-0a9c477159a9.png');
insert into variant_image (variant_id, image_name) values (13, 'ee6fdeb0-cd0f-445b-8283-b197d3e19e6b.png');
insert into variant_image (variant_id, image_name) values (14, '142730e5-d876-43f7-9b68-0b76f3a2a802.png');
insert into variant_image (variant_id, image_name) values (14, '901c3c69-5fa5-4cf9-b6d6-01fcce46810b.png');
insert into variant_image (variant_id, image_name) values (14, '9722a921-ac12-4431-8a61-7eebebaefeff.png');
insert into variant_image (variant_id, image_name) values (14, '9cf738f5-ae07-4a26-bc84-fd3731c0758b.png');
insert into variant_image (variant_id, image_name) values (15, '0a040b1e-2c6a-4ec2-a694-61a81a3b0ffa.png');
insert into variant_image (variant_id, image_name) values (15, '8a433133-efa1-4abc-aaf1-3852ceb7b900.png');
insert into variant_image (variant_id, image_name) values (15, '9d08cc89-4202-410f-a7ff-312c9866c597.png');
insert into variant_image (variant_id, image_name) values (16, '11c4d24c-dc87-4342-bc24-c2eae3268934.png');
insert into variant_image (variant_id, image_name) values (16, 'e1093666-c01c-4520-b762-48cacc22fc46.png');
insert into variant_image (variant_id, image_name) values (17, 'edfb4893-2e32-4a4d-b4fd-e403341f9b31.png');
insert into variant_image (variant_id, image_name) values (18, 'be7c8b9c-111e-43f1-ad46-621401568aec.png');
insert into variant_image (variant_id, image_name) values (19, '72d36ce0-45b9-4d5a-8b86-95bb769e3bfd.png');
insert into variant_image (variant_id, image_name) values (19, 'a7556d30-a7b2-4b81-891e-8cc4ced8c864.png');
insert into variant_image (variant_id, image_name) values (20, '06608ead-4e7c-4dae-b78b-398007149a22.png');
insert into variant_image (variant_id, image_name) values (20, '2374696f-8cc6-49bd-9438-09adf8eb8a77.png');


#Dummy cart data.

insert into cart values(1,2,1);
insert into cart values(2,1,1);
insert into cart values(3,3,1);
insert into cart_product values(1,1,5);
insert into cart_product values(2,1,1);
insert into cart_product values(1,2,1);
insert into cart_product values(3,4,5);
insert into cart_product values(3,1,2); 
insert into cart_product values(1,3,5);
insert into cart_product values(1,4,2);

# dummy sell 
insert into sell (date_time, order_id, delivery_state, payment_state) values ('2022-06-27', 1, 1, 1);
insert into sell (date_time, order_id, delivery_state, payment_state) values ('2022-06-27', 2, 1, 1);

# dummy order
insert into `order` (customer_id,cart_id,date,order_name) values (1,2,'2022-06-27','phone');
insert into `order` (customer_id,cart_id,date,order_name) values (2,1,'2022-06-27','i phone');