use texas_e_store;

# products

insert into product (product_id, product_title, sku, product_weight, image_name, availability) values (1, 'Nokia 7 Plus', '0123456789', 177, '5d398d54-f630-4c4a-9122-04a184d82931.png', 'AVAILABLE');
insert into product (product_id, product_title, sku, product_weight, image_name, availability) values (2, 'iPhone X', '0987654321', 174, '3d1d3b00-74bd-4b04-afe4-798a827cdb61.png', 'AVAILABLE');
insert into product (product_id, product_title, sku, product_weight, image_name, availability) values (3, 'Asus VivoBook Pro', '0563214789', 2000, '87ce7344-e6c9-4c0d-b64e-169db00d99cd.png', 'AVAILABLE');
insert into product (product_id, product_title, sku, product_weight, image_name, availability) values (5, 'Galaxy Tab A', '4597231809', 200, '3eb765f4-6e08-4544-8312-e40b9ce7a093.png', 'AVAILABLE');
insert into product (product_id, product_title, sku, product_weight, image_name, availability) values (7, 'HP Pavilion 15', '07812546938', 2000, '54e93a83-a994-4952-b431-ee2c8b9506ef.png', 'AVAILABLE');
insert into product (product_id, product_title, sku, product_weight, image_name, availability) values (8, 'Nikon D7500', '6712489325', 1000, '88bb0b8c-734e-4415-a04d-ede9190a4053.png', 'AVAILABLE');
insert into product (product_id, product_title, sku, product_weight, image_name, availability) values (9, 'Nikon D500', '9632485176', 1000, 'cd82303a-f316-4aa9-b3a1-22b1b938a468.png', 'AVAILABLE');
insert into product (product_id, product_title, sku, product_weight, image_name, availability) values (10, 'iWatch Series 7', '3541796820', 32, '47db40bf-3fde-4c60-b28a-a5a681782e30.png', 'AVAILABLE');
insert into product (product_id, product_title, sku, product_weight, image_name, availability) values (11, 'iPad Pro', '4896347210', 682, '874ad8a3-a666-4b4e-a22a-553f577e34e9.png', 'AVAILABLE');
insert into product (product_id, product_title, sku, product_weight, image_name, availability) values (14, 'PROLiNK  PRS1140', '9741931465', 300, '915a3c97-bb6d-4717-a42f-a81e8e659e7a.png', 'AVAILABLE');
insert into product (product_id, product_title, sku, product_weight, image_name, availability) values (15, 'ZTE 4G Wireless Router MF286R', '6837125894', 300, '22e1dccc-05e2-43b6-af58-8c5d356ad5ab.png', 'AVAILABLE');
insert into product (product_id, product_title, sku, product_weight, image_name, availability) values (16, 'Galaxy Watch4', '6482137813', 30, '7133346f-a8c6-41fa-bed0-1e3696e18a5a.png', 'AVAILABLE');
insert into product (product_id, product_title, sku, product_weight, image_name, availability) values (17, 'Samsung Odyssey CRG5 24"', '9732186789', 3000, '9207e9b7-2f9a-4499-b932-bc1f7b2aa66a.png', 'AVAILABLE');
insert into product (product_id, product_title, sku, product_weight, image_name, availability) values (18, 'SAMSUNG 24" T35F', '4187138194', 2500, 'f81d1cc5-c078-48ba-8c9d-89be9673d898.png', 'AVAILABLE');
insert into product (product_id, product_title, sku, product_weight, image_name, availability) values (19, 'Transcend StoreJet 25H3 2TB', '9713254789', 800, '8db15364-2992-4d62-bfa4-d786dd9c585b.png', 'AVAILABLE');
insert into product (product_id, product_title, sku, product_weight, image_name, availability) values (20, 'Nokia Smart TV 32', '7854126598', 2500, 'b37f3253-2a68-4c93-b4f5-5351b284beee.png', 'AVAILABLE');
insert into product (product_id, product_title, sku, product_weight, image_name, availability) values (21, 'Nokia Smart TV 43', '3654789125', 2500, '2857f0ed-9127-4ae1-910c-ee2f144f1690.png', 'AVAILABLE');
insert into product (product_id, product_title, sku, product_weight, image_name, availability) values (22, 'Samsung Portable SSD T7 Touch', '9874821671', 500, 'f374129a-9e63-4728-bc42-0e1cb8f14260.png', 'AVAILABLE');
insert into product (product_id, product_title, sku, product_weight, image_name, availability) values (23, 'Acer Aspire Z 24', '5713697520', 3000, '87cc017d-2e1d-4161-a56e-26a52dda05af.png', 'AVAILABLE');
insert into product (product_id, product_title, sku, product_weight, image_name, availability) values (24, 'HP Pavilion Gaming Desktop TG01-1160xt', '3247895120', 3000, 'c53051ab-f8f3-4a91-8dd0-4bc057df9718.png', 'AVAILABLE');
insert into product (product_id, product_title, sku, product_weight, image_name, availability) values (25, 'Samsung Galaxy S22 5G', '4123698571', 167, 'c64afe42-3c6b-4f0d-93da-fb6313bbb988.png', 'AVAILABLE');
insert into product (product_id, product_title, sku, product_weight, image_name, availability) values (26, 'Dell Mobile Wireless Mouse – MS3320W', '1234567',150,'ec8f9216-fea8-46a9-9a94-b108589b5cc8.png', 'AVAILABLE');
insert into product (product_id, product_title, sku, product_weight, image_name, availability) values (27, 'Logitech M650 Signature Wireless Mouse', '7854632',150,'e52aeef0-b141-42a7-92cc-1c94d761682b.png', 'AVAILABLE');
insert into product (product_id, product_title, sku, product_weight, image_name, availability) values (28, 'Logitech M585 Multi-Device Wireless Mouse', '1452689',150,'4d26d5b4-289c-4c97-ae27-cfd047f2866b.png', 'AVAILABLE');
insert into product (product_id, product_title, sku, product_weight, image_name, availability) values (29, 'HP OMEN Vector Essential Mouse', '452368',150,'b4a22b3a-e2fb-45b6-9374-0c1d219f0116.png', 'AVAILABLE');
insert into product (product_id, product_title, sku, product_weight, image_name, availability) values (30, 'Hp Laptop Keyboard  15-Bs (6m)', '45799',250,'b82a5bc8-626e-4f89-83c5-2ea24b0086e8.png', 'AVAILABLE');
insert into product (product_id, product_title, sku, product_weight, image_name, availability) values (31, 'Corsair K70 RGB MK.2 Mechanical Gaming Keyboard ', '7542698',500,'6722e8d4-6c66-4d8c-8cbf-6be24a8bdf1b.png', 'AVAILABLE');
insert into product (product_id, product_title, sku, product_weight, image_name, availability) values (32, 'Corsair K70 RGB MK.2 Mechanical Gaming Keyboard', '7856788',1.25,'bef0b7fa-5640-4cea-b13b-9403cf905132.png', 'AVAILABLE');
insert into product (product_id, product_title, sku, product_weight, image_name, availability) values (33, 'SanDisk Extreme Ultra SDHC 32GB UHS-I', '785964',50,'fcb7ae50-2da6-41a7-8ad4-1e9d027faf16.png', 'AVAILABLE');
insert into product (product_id, product_title, sku, product_weight, image_name, availability) values (34, 'Nikon D7200', '124578', 2100, '81695824-dad7-438e-a8ee-7e3123fe6dac.png', 'AVAILABLE');
insert into product (product_id, product_title, sku, product_weight, image_name, availability) values (35, 'Canon 70D', '134512', 2200, '82f5d3cd-1b62-45e2-bd85-efe0c66342a7.png', 'AVAILABLE');
insert into product (product_id, product_title, sku, product_weight, image_name, availability) values (36, 'Dell S2421HN', '145415', 2000, 'd6791aba-1efa-467a-ab6a-af6bab1f1567.png', 'AVAILABLE');
insert into product (product_id, product_title, sku, product_weight, image_name, availability) values (37, 'MSI PRO MP271', '115545', 2200, '5f25ed54-6832-4a83-891d-b2b0ff542ad4.png', 'AVAILABLE');
insert into product (product_id, product_title, sku, product_weight, image_name, availability) values (38, 'iPhone 12', '114414', 1000, '620efdae-2053-4523-a495-a17a7f1c9a65.png', 'AVAILABLE');
insert into product (product_id, product_title, sku, product_weight, image_name, availability) values (39, 'Asus VZ229h ', '154515', 2200, 'b2506959-51fe-4eae-8024-76315bc453e2.png', 'AVAILABLE');
insert into product (product_id, product_title, sku, product_weight, image_name, availability) values (40, 'Lexar® Professional 1667x SDXC™ UHS-II Card SILVER Series', '141365180', 50, '4e21ae07-6e12-4017-8186-bf5e75a5c24c.png', 'AVAILABLE');
insert into product (product_id, product_title, sku, product_weight, image_name, availability) values (41, 'Anker 737 Power Bank', 'B1290', 589.67, 'a5a30d4c-7344-4372-8dbe-8c25345f4649.png', 'AVAILABLE');
insert into product (product_id, product_title, sku, product_weight, image_name, availability) values (42, 'Anker 525 Power Bank', 'A1287', 280, 'fdecc520-e546-4a34-bd19-9765c4b82062.png', 'AVAILABLE');
insert into product (product_id, product_title, sku, product_weight, image_name, availability) values (43, 'Baseus Adaman Metal Digital Display Quick Charge Power Bank', '145678', 624, 'a7fdf1e3-8482-4403-a115-828b89954503.png', 'AVAILABLE');
insert into product (product_id, product_title, sku, product_weight, image_name, availability) values (44, 'Epson EcoTank L130 Single Function InkTank Printer', 'EPSON-I-L130', 2700, '08317a0c-4b9b-47ca-b07f-30d66a4b4202.png', 'AVAILABLE');
insert into product (product_id, product_title, sku, product_weight, image_name, availability) values (45, 'Epson EcoTank L3150 Wi-Fi All-In-One Ink Tank Printer', 'EPSON-I-L3150', 3900, 'b65caccc-4e87-4d9c-bddd-e21f1f26c266.png', 'AVAILABLE');

insert into product_category (product_id, category_id, sub_category_id) values (1, 1, 6);
insert into product_category (product_id, category_id, sub_category_id) values (2, 1, 1);
insert into product_category (product_id, category_id, sub_category_id) values (3, 3, 8);
insert into product_category (product_id, category_id, sub_category_id) values (5, 2, 5);
insert into product_category (product_id, category_id, sub_category_id) values (7, 3, 7);
insert into product_category (product_id, category_id, sub_category_id) values (8, 4, 2);
insert into product_category (product_id, category_id, sub_category_id) values (9, 4, 2);
insert into product_category (product_id, category_id, sub_category_id) values (10, 6, 1);
insert into product_category (product_id, category_id, sub_category_id) values (11, 2, 1);
insert into product_category (product_id, category_id, sub_category_id) values (14, 10, null);
insert into product_category (product_id, category_id, sub_category_id) values (14, 10, 12);
insert into product_category (product_id, category_id, sub_category_id) values (14, 10, 13);
insert into product_category (product_id, category_id, sub_category_id) values (14, 10, 15);
insert into product_category (product_id, category_id, sub_category_id) values (15, 10, null);
insert into product_category (product_id, category_id, sub_category_id) values (15, 10, 11);
insert into product_category (product_id, category_id, sub_category_id) values (15, 10, 13);
insert into product_category (product_id, category_id, sub_category_id) values (15, 10, 14);
insert into product_category (product_id, category_id, sub_category_id) values (16, 6, 5);
insert into product_category (product_id, category_id, sub_category_id) values (17, 5, 5);
insert into product_category (product_id, category_id, sub_category_id) values (18, 5, 5);
insert into product_category (product_id, category_id, sub_category_id) values (19, 7, 4);
insert into product_category (product_id, category_id, sub_category_id) values (20, 9, 6);
insert into product_category (product_id, category_id, sub_category_id) values (21, 9, 6);
insert into product_category (product_id, category_id, sub_category_id) values (22, 7, 5);
insert into product_category (product_id, category_id, sub_category_id) values (23, 8, 9);
insert into product_category (product_id, category_id, sub_category_id) values (24, 8, 7);
insert into product_category (product_id, category_id, sub_category_id) values (24, 8, 16);
insert into product_category (product_id, category_id, sub_category_id) values (25, 1, 5);
insert into product_category (product_id, category_id, sub_category_id) values (26, 14, 17);
insert into product_category (product_id, category_id, sub_category_id) values (27, 14, 19);
insert into product_category (product_id, category_id, sub_category_id) values (28, 14, 19);
insert into product_category (product_id, category_id, sub_category_id) values (29, 14, 7);
insert into product_category (product_id, category_id, sub_category_id) values (30, 12, 7);
insert into product_category (product_id, category_id, sub_category_id) values (32, 12, 20);
insert into product_category (product_id, category_id, sub_category_id) values (33, 13, 3);
insert into product_category (product_id, category_id, sub_category_id) values (34, 4, 2);
insert into product_category (product_id, category_id, sub_category_id) values (35, 4, 21);
insert into product_category (product_id, category_id, sub_category_id) values (36, 5, 17);
insert into product_category (product_id, category_id, sub_category_id) values (37, 5, 22);
insert into product_category (product_id, category_id, sub_category_id) values (38, 1, 1);
insert into product_category (product_id, category_id, sub_category_id) values (39, 5, 8);
insert into product_category (product_id, category_id, sub_category_id) values (40, 13, 23);
insert into product_category (product_id, category_id, sub_category_id) values (41, 11, 24);
insert into product_category (product_id, category_id, sub_category_id) values (42, 11, 24);
insert into product_category (product_id, category_id, sub_category_id) values (43, 11, 25);
insert into product_category (product_id, category_id, sub_category_id) values (44, 15, 26);
insert into product_category (product_id, category_id, sub_category_id) values (45, 15, 26);

insert into custom_feature (custom_feature_id, product_id, custom_feature_name, custom_feature_val) values (1, 1, 'Display', 'IPS LCD, 6.0 inches, 92.4 cm2 (~77.2% screen-to-body ratio), 1080 x 2160 pixels, 18:9 ratio (~403 ppi density)');
insert into custom_feature (custom_feature_id, product_id, custom_feature_name, custom_feature_val) values (2, 1, 'Operating System', 'Android 8.1 (Oreo), upgradable to Android 10, Android One');
insert into custom_feature (custom_feature_id, product_id, custom_feature_name, custom_feature_val) values (3, 1, 'Chipset', 'Qualcomm SDM660 Snapdragon 660 (14 nm)');
insert into custom_feature (custom_feature_id, product_id, custom_feature_name, custom_feature_val) values (4, 1, 'Network', 'GSM / CDMA / HSPA / EVDO / LTE');
insert into custom_feature (custom_feature_id, product_id, custom_feature_name, custom_feature_val) values (5, 1, 'Storage', '64GB');
insert into custom_feature (custom_feature_id, product_id, custom_feature_name, custom_feature_val) values (6, 2, 'Operating System', 'iOS 11.1.1, up to iOS 15.5, planned upgrade to iOS 16');
insert into custom_feature (custom_feature_id, product_id, custom_feature_name, custom_feature_val) values (7, 2, 'Chipset', 'Apple A11 Bionic (10 nm)');
insert into custom_feature (custom_feature_id, product_id, custom_feature_name, custom_feature_val) values (8, 2, 'RAM', '3GB');
insert into custom_feature (custom_feature_id, product_id, custom_feature_name, custom_feature_val) values (9, 2, 'Network', 'GSM / HSPA / LTE');
insert into custom_feature (custom_feature_id, product_id, custom_feature_name, custom_feature_val) values (10, 3, 'Processor', '12th Gen Intel Core™ i7 processor');
insert into custom_feature (custom_feature_id, product_id, custom_feature_name, custom_feature_val) values (11, 3, 'Graphics', ' NVIDIA® GeForce® RTX3060');
insert into custom_feature (custom_feature_id, product_id, custom_feature_name, custom_feature_val) values (12, 3, 'Display', '15.6” 144Hz FHD IPS display');
insert into custom_feature (custom_feature_id, product_id, custom_feature_name, custom_feature_val) values (13, 3, 'Operating System', 'Windows 11 Home');
insert into custom_feature (custom_feature_id, product_id, custom_feature_name, custom_feature_val) values (14, 5, 'Display', 'TFT LCD, 10.1 inches, 295.8 cm2 (~80.7% screen-to-body ratio), 1200 x 1920 pixels, 16:10 ratio (~224 ppi density)');
insert into custom_feature (custom_feature_id, product_id, custom_feature_name, custom_feature_val) values (15, 5, 'Operating System', 'Android 9.0 (Pie), upgradable to Android 11, One UI 3.0');
insert into custom_feature (custom_feature_id, product_id, custom_feature_name, custom_feature_val) values (16, 5, 'Chipset', 'Exynos 7904 (14 nm)');
insert into custom_feature (custom_feature_id, product_id, custom_feature_name, custom_feature_val) values (17, 7, 'Operating System', 'Windows 11 Home');
insert into custom_feature (custom_feature_id, product_id, custom_feature_name, custom_feature_val) values (18, 7, 'Screen Size', '15.6"');
insert into custom_feature (custom_feature_id, product_id, custom_feature_name, custom_feature_val) values (19, 7, 'Display', 'FHD IPS LED');
insert into custom_feature (custom_feature_id, product_id, custom_feature_name, custom_feature_val) values (20, 8, 'Sensor', '20.9MP DX-Format CMOS Sensor');
insert into custom_feature (custom_feature_id, product_id, custom_feature_name, custom_feature_val) values (21, 8, 'Image Processor', 'EXPEED 5');
insert into custom_feature (custom_feature_id, product_id, custom_feature_name, custom_feature_val) values (22, 8, 'Screen', '3.2" 922k-Dot Tilting Touchscreen LCD');
insert into custom_feature (custom_feature_id, product_id, custom_feature_name, custom_feature_val) values (23, 8, 'Video Recording', '4K UHD at 30 fps');
insert into custom_feature (custom_feature_id, product_id, custom_feature_name, custom_feature_val) values (24, 9, 'Sensor', '20.9MP DX-Format CMOS Sensor');
insert into custom_feature (custom_feature_id, product_id, custom_feature_name, custom_feature_val) values (25, 9, 'Image Processor', 'EXPEED 5');
insert into custom_feature (custom_feature_id, product_id, custom_feature_name, custom_feature_val) values (26, 9, 'Video Recording', '4K UHD at 30 fps');
insert into custom_feature (custom_feature_id, product_id, custom_feature_name, custom_feature_val) values (27, 9, 'Screen', '3.2" 2539k-Dot Tilting Touchscreen LCD');
insert into custom_feature (custom_feature_id, product_id, custom_feature_name, custom_feature_val) values (28, 10, 'Network', 'GSM / HSPA / LTE');
insert into custom_feature (custom_feature_id, product_id, custom_feature_name, custom_feature_val) values (29, 10, 'Dimensions', '45 x 38 x 10.7 mm');
insert into custom_feature (custom_feature_id, product_id, custom_feature_name, custom_feature_val) values (30, 10, 'Operating System', 'watchOS 8.0, up to 8.6, planned upgrade to watchOS 9.0');
insert into custom_feature (custom_feature_id, product_id, custom_feature_name, custom_feature_val) values (31, 10, 'Chipset', 'Apple S7');
insert into custom_feature (custom_feature_id, product_id, custom_feature_name, custom_feature_val) values (32, 10, 'Display', 'Retina LTPO OLED, 1000 nits (peak), 1.9 inches, 484 x 396 pixels (~326 ppi density)');
insert into custom_feature (custom_feature_id, product_id, custom_feature_name, custom_feature_val) values (33, 11, 'Network', 'GSM / CDMA / HSPA / EVDO / LTE / 5G');
insert into custom_feature (custom_feature_id, product_id, custom_feature_name, custom_feature_val) values (34, 11, 'Display', 'Liquid Retina XDR mini-LED LCD, 120Hz, HDR10, Dolby Vision, 1000 nits (typ), 1600 nits (peak), 12.9 inches, 515.3 cm2 (~85.4% screen-to-body ratio), 2048 x 2732 pixels, 4:3 ratio (~265 ppi density)');
insert into custom_feature (custom_feature_id, product_id, custom_feature_name, custom_feature_val) values (35, 11, 'Operating System', 'iPadOS 14.5.1, up to iPadOS 15.5, planned upgrade to iPadOS 16');
insert into custom_feature (custom_feature_id, product_id, custom_feature_name, custom_feature_val) values (36, 11, 'Chipset', 'Apple M1');
insert into custom_feature (custom_feature_id, product_id, custom_feature_name, custom_feature_val) values (37, 14, 'Wireless Speed', '150MBPS');
insert into custom_feature (custom_feature_id, product_id, custom_feature_name, custom_feature_val) values (38, 14, 'Network', 'High-speed ADSL2+ Ethernet with 802.11b/g/n Wireless LAN');
insert into custom_feature (custom_feature_id, product_id, custom_feature_name, custom_feature_val) values (39, 15, 'Wi-Fi', '802.11 a/b/g/n/ac, 2.4GHz 3x3 &5GHz 2x2, DBDC Total 1.3Gbps; up to 64 users supported');
insert into custom_feature (custom_feature_id, product_id, custom_feature_name, custom_feature_val) values (40, 16, 'Display', 'Super AMOLED, 1.4 inches, 450 x 450 pixels (~321 ppi density)');
insert into custom_feature (custom_feature_id, product_id, custom_feature_name, custom_feature_val) values (41, 16, 'Network', 'GSM / HSPA / LTE');
insert into custom_feature (custom_feature_id, product_id, custom_feature_name, custom_feature_val) values (42, 16, 'Operating System', 'Android Wear OS, One UI Watch 3');
insert into custom_feature (custom_feature_id, product_id, custom_feature_name, custom_feature_val) values (43, 16, 'Chipset', 'Exynos W920 (5 nm)');
insert into custom_feature (custom_feature_id, product_id, custom_feature_name, custom_feature_val) values (44, 17, 'Screen Size', '24"');
insert into custom_feature (custom_feature_id, product_id, custom_feature_name, custom_feature_val) values (45, 17, 'Active Display Size (HxV) (mm)', '521.3952(H) * 293.2848(V)');
insert into custom_feature (custom_feature_id, product_id, custom_feature_name, custom_feature_val) values (46, 17, 'Brightness (Typical)', '250cd/m2');
insert into custom_feature (custom_feature_id, product_id, custom_feature_name, custom_feature_val) values (47, 18, 'Active Display Size (HxV) (mm)', '527.04 × 296.46 mm');
insert into custom_feature (custom_feature_id, product_id, custom_feature_name, custom_feature_val) values (48, 20, 'Display size', '32"');
insert into custom_feature (custom_feature_id, product_id, custom_feature_name, custom_feature_val) values (49, 20, 'Sound', 'Onkyo');
insert into custom_feature (custom_feature_id, product_id, custom_feature_name, custom_feature_val) values (50, 21, 'Display', '43"');
insert into custom_feature (custom_feature_id, product_id, custom_feature_name, custom_feature_val) values (51, 21, 'Sounds', 'Onkyo');
insert into custom_feature (custom_feature_id, product_id, custom_feature_name, custom_feature_val) values (52, 22, 'USB', '3.2');
insert into custom_feature (custom_feature_id, product_id, custom_feature_name, custom_feature_val) values (53, 22, 'Color', 'Black');
insert into custom_feature (custom_feature_id, product_id, custom_feature_name, custom_feature_val) values (54, 23, 'CPU', 'Core™ i5. i5-9400T');
insert into custom_feature (custom_feature_id, product_id, custom_feature_name, custom_feature_val) values (55, 23, 'Memory', '16GB');
insert into custom_feature (custom_feature_id, product_id, custom_feature_name, custom_feature_val) values (56, 23, 'Storage', '2TB SSD');
insert into custom_feature (custom_feature_id, product_id, custom_feature_name, custom_feature_val) values (57, 23, 'Operating System', 'Windows 11 Home');
insert into custom_feature (custom_feature_id, product_id, custom_feature_name, custom_feature_val) values (58, 24, 'Operating System', 'Windows 11 Home');
insert into custom_feature (custom_feature_id, product_id, custom_feature_name, custom_feature_val) values (59, 24, 'CPU', 'Intel® Core™ i3-10100 (3.6 GHz up to 4.3 GHz, 6 MB L3 cache, 4 cores)');
insert into custom_feature (custom_feature_id, product_id, custom_feature_name, custom_feature_val) values (60, 24, 'Graphics', 'NVIDIA® GeForce® GTX 1650 (4 GB GDDR5 dedicated)');
insert into custom_feature (custom_feature_id, product_id, custom_feature_name, custom_feature_val) values (61, 24, 'Memory', '8 GB DDR4-2666 SDRAM (2 X 4 GB)');
insert into custom_feature (custom_feature_id, product_id, custom_feature_name, custom_feature_val) values (62, 25, 'Network', 'GSM / CDMA / HSPA / EVDO / LTE / 5G');
insert into custom_feature (custom_feature_id, product_id, custom_feature_name, custom_feature_val) values (63, 25, 'Dimensions', '	146 x 70.6 x 7.6 mm (5.75 x 2.78 x 0.30 in)');
insert into custom_feature (custom_feature_id, product_id, custom_feature_name, custom_feature_val) values (64, 25, 'Display', 'Dynamic AMOLED 2X, 120Hz, HDR10+, 1300 nits (peak), 6.1 inches, 90.1 cm2 (~87.4% screen-to-body ratio), 1080 x 2340 pixels, 19.5:9 ratio (~425 ppi density)');
insert into custom_feature (custom_feature_id, product_id, custom_feature_name, custom_feature_val) values (65, 25, 'Operating System', 'Android 12, One UI 4.1');
insert into custom_feature (custom_feature_id, product_id, custom_feature_name, custom_feature_val) values (66, 25, 'Chipset', 'Qualcomm SM8450 Snapdragon 8 Gen 1 (4 nm)');
insert into custom_feature (custom_feature_id, product_id, custom_feature_name, custom_feature_val) values (67, 25, 'Memory', '8GB');
insert into custom_feature (custom_feature_id, product_id, custom_feature_name, custom_feature_val) values (68, 26, 'Pairing', 'Easy Pairing');
insert into custom_feature (custom_feature_id, product_id, custom_feature_name, custom_feature_val) values (69, 26, 'Wireless', '2.4GHz');
insert into custom_feature (custom_feature_id, product_id, custom_feature_name, custom_feature_val) values (70, 26, 'Os Compatibility', 'Windows, Mac, Chrome, Linux and Android operating systems');
insert into custom_feature (custom_feature_id, product_id, custom_feature_name, custom_feature_val) values (71, 27, 'Os Compatibility', 'Windows, macOS, Linux, iPadOS, Android ,Chromebook');
insert into custom_feature (custom_feature_id, product_id, custom_feature_name, custom_feature_val) values (72, 27, 'Wireless connection type', ' Bluetooth Low Energy ,  Logi Bolt USB receiver');
insert into custom_feature (custom_feature_id, product_id, custom_feature_name, custom_feature_val) values (73, 27, 'Touch Quality', 'Silent touch');
insert into custom_feature (custom_feature_id, product_id, custom_feature_name, custom_feature_val) values (74, 28, 'Os Compatibility', 'Windows, macOS, Chrome OS, Linux');
insert into custom_feature (custom_feature_id, product_id, custom_feature_name, custom_feature_val) values (75, 28, 'Multi Device Work Flow', 'M585 lets you move the cursor across two computers, Mac or PC, and seamlessly move text, images, and files from screen to screen.');
insert into custom_feature (custom_feature_id, product_id, custom_feature_name, custom_feature_val) values (76, 29, 'Os Compatibility', 'Windows 10 and above.');
insert into custom_feature (custom_feature_id, product_id, custom_feature_name, custom_feature_val) values (77, 29, 'Buttons', '6 programmable buttons');
insert into custom_feature (custom_feature_id, product_id, custom_feature_name, custom_feature_val) values (78, 29, 'Sensor resolution', 'OMEN Radar 1 Sensor, co-developed with PixArt');
insert into custom_feature (custom_feature_id, product_id, custom_feature_name, custom_feature_val) values (79, 29, 'Connector', 'USB 2.0');
insert into custom_feature (custom_feature_id, product_id, custom_feature_name, custom_feature_val) values (80, 30, 'Compatible operating systems', 'Windows 7; Windows 8; Windows 10');
insert into custom_feature (custom_feature_id, product_id, custom_feature_name, custom_feature_val) values (81, 30, 'Compatibility', 'Available USB port');
insert into custom_feature (custom_feature_id, product_id, custom_feature_name, custom_feature_val) values (82, 30, 'Dimensions (W X D X H)', '17.7 x 5.81 x 1 in');
insert into custom_feature (custom_feature_id, product_id, custom_feature_name, custom_feature_val) values (83, 31, 'Keyboard Backlighting', 'RGB');
insert into custom_feature (custom_feature_id, product_id, custom_feature_name, custom_feature_val) values (84, 31, 'HID Keyboard Report Rate', '1000Hz');
insert into custom_feature (custom_feature_id, product_id, custom_feature_name, custom_feature_val) values (85, 31, 'USB Pass-through', 'USB 2.0 Type-A');
insert into custom_feature (custom_feature_id, product_id, custom_feature_name, custom_feature_val) values (86, 31, 'Keyboard Connectivity', ' Wired');
insert into custom_feature (custom_feature_id, product_id, custom_feature_name, custom_feature_val) values (87, 31, 'Adjustable Height', 'Yes');
insert into custom_feature (custom_feature_id, product_id, custom_feature_name, custom_feature_val) values (88, 32, 'Keyboard Backlighting', 'RGB');
insert into custom_feature (custom_feature_id, product_id, custom_feature_name, custom_feature_val) values (89, 32, 'USB Pass-through', 'USB 2.0 Type-A');
insert into custom_feature (custom_feature_id, product_id, custom_feature_name, custom_feature_val) values (90, 32, 'Adjustable Height', 'Yes');
insert into custom_feature (custom_feature_id, product_id, custom_feature_name, custom_feature_val) values (91, 32, 'On-Board Memory ', ' 8MB');
insert into custom_feature (custom_feature_id, product_id, custom_feature_name, custom_feature_val) values (92, 33, 'Max Read Speed', '120 MB/s');
insert into custom_feature (custom_feature_id, product_id, custom_feature_name, custom_feature_val) values (93, 33, 'Min Write Speed', '10 MB/s');
insert into custom_feature (custom_feature_id, product_id, custom_feature_name, custom_feature_val) values (94, 34, 'Sensor Size', '23.5 mm. x 15.6 mm');
insert into custom_feature (custom_feature_id, product_id, custom_feature_name, custom_feature_val) values (95, 34, 'ISO Sensitivity ', 'ISO 100 - 25,600');
insert into custom_feature (custom_feature_id, product_id, custom_feature_name, custom_feature_val) values (96, 35, 'Effective Pixels', '20.20 megapixels');
insert into custom_feature (custom_feature_id, product_id, custom_feature_name, custom_feature_val) values (97, 35, 'Aspect Ratio', '3:2');
insert into custom_feature (custom_feature_id, product_id, custom_feature_name, custom_feature_val) values (98, 36, 'Display', '23.8 in');
insert into custom_feature (custom_feature_id, product_id, custom_feature_name, custom_feature_val) values (99, 36, 'Brightness', '250 cd/m²');
insert into custom_feature (custom_feature_id, product_id, custom_feature_name, custom_feature_val) values (100, 37, 'PANEL SIZE', '27 inch');
insert into custom_feature (custom_feature_id, product_id, custom_feature_name, custom_feature_val) values (101, 37, 'PANEL RESOLUTION', '1920 x 1080 (Full HD)');
insert into custom_feature (custom_feature_id, product_id, custom_feature_name, custom_feature_val) values (102, 38, 'CPU', 'Hexa-core (2x3.1 GHz Firestorm + 4x1.8 GHz Icestorm)');
insert into custom_feature (custom_feature_id, product_id, custom_feature_name, custom_feature_val) values (103, 38, 'GPU', 'Apple GPU (4-core graphics)');
insert into custom_feature (custom_feature_id, product_id, custom_feature_name, custom_feature_val) values (104, 39, 'Panel Size', '22 inch');
insert into custom_feature (custom_feature_id, product_id, custom_feature_name, custom_feature_val) values (105, 39, 'Aspect Ratio', '16:9');
insert into custom_feature (custom_feature_id, product_id, custom_feature_name, custom_feature_val) values (106, 39, 'Panel Backlight', 'LED');
insert into custom_feature (custom_feature_id, product_id, custom_feature_name, custom_feature_val) values (107, 40, 'Speed Class', 'Class 10');
insert into custom_feature (custom_feature_id, product_id, custom_feature_name, custom_feature_val) values (108, 40, 'Writing Speed', 'up to 120MB/s');
insert into custom_feature (custom_feature_id, product_id, custom_feature_name, custom_feature_val) values (109, 40, 'Reading Speed', 'up to 250MB/s');
insert into custom_feature (custom_feature_id, product_id, custom_feature_name, custom_feature_val) values (110, 40, 'Dimension', '(L x W x H) 32 mm x 24 mm x 2.1 mm');
insert into custom_feature (custom_feature_id, product_id, custom_feature_name, custom_feature_val) values (111, 41, 'Connector Type', 'USB Type C');
insert into custom_feature (custom_feature_id, product_id, custom_feature_name, custom_feature_val) values (112, 41, 'Item Dimensions LxWxH', '7.22 x 3.24 x 0.94 inches');
insert into custom_feature (custom_feature_id, product_id, custom_feature_name, custom_feature_val) values (113, 41, 'Capacity', '25,600 mAh');
insert into custom_feature (custom_feature_id, product_id, custom_feature_name, custom_feature_val) values (114, 42, 'Capacity', '20,000mAh');
insert into custom_feature (custom_feature_id, product_id, custom_feature_name, custom_feature_val) values (115, 42, 'Connector Type', 'USB Type C');
insert into custom_feature (custom_feature_id, product_id, custom_feature_name, custom_feature_val) values (116, 42, 'Compatible Phone Models', 'Iphone, ipad, Samsung and other Android phones');
insert into custom_feature (custom_feature_id, product_id, custom_feature_name, custom_feature_val) values (117, 42, 'Color', 'Black');
insert into custom_feature (custom_feature_id, product_id, custom_feature_name, custom_feature_val) values (118, 43, 'Capacity', '20,000mAh');
insert into custom_feature (custom_feature_id, product_id, custom_feature_name, custom_feature_val) values (119, 43, 'Size', '154*65*27mm');
insert into custom_feature (custom_feature_id, product_id, custom_feature_name, custom_feature_val) values (120, 43, 'Connector Type', 'USB Type C');
insert into custom_feature (custom_feature_id, product_id, custom_feature_name, custom_feature_val) values (121, 44, 'Type', 'Inkjet');
insert into custom_feature (custom_feature_id, product_id, custom_feature_name, custom_feature_val) values (122, 44, 'Printing Resolution', '5760 x 1440 dpi');
insert into custom_feature (custom_feature_id, product_id, custom_feature_name, custom_feature_val) values (123, 44, 'Print Head / Ink - Number of Nozzles', '180 nozzles Black, 59 nozzles each colour');
insert into custom_feature (custom_feature_id, product_id, custom_feature_name, custom_feature_val) values (124, 44, 'System Requirements', 'Windows XP/XP Professional x64 Edition/Vista/7/8/8.1, Mac OS X 10.6.8, 10.7.x, 10.8.x, 10.9.x');
insert into custom_feature (custom_feature_id, product_id, custom_feature_name, custom_feature_val) values (125, 44, 'Dimension (W x D x H)', '482*222*182 mm');
insert into custom_feature (custom_feature_id, product_id, custom_feature_name, custom_feature_val) values (126, 44, 'Colors', 'Black,Yellow,Cyan,Magenta');
insert into custom_feature (custom_feature_id, product_id, custom_feature_name, custom_feature_val) values (127, 44, 'Paper Size', 'A4, A5, A6, B5, 10 cm x 15 cm (4” x 6”), 13 cm x 18 cm (5”x 7”), 9 cm x 13 cm (3.5”x 5”), Letter (8.5” x 11”), Legal (8.5” x 14”), Half Letter (5.5” x 8.5”), 13 cm x 20 cm (5” x 8”), 20 cm x 25 cm (8” x 10”), 16:9 wide size, 100 mm x148 mm, Envelopes');
insert into custom_feature (custom_feature_id, product_id, custom_feature_name, custom_feature_val) values (128, 44, 'Warranty', '1 Year or 14,000 Pages Whichever Comes First');
insert into custom_feature (custom_feature_id, product_id, custom_feature_name, custom_feature_val) values (129, 45, 'Type', 'Inkjet');
insert into custom_feature (custom_feature_id, product_id, custom_feature_name, custom_feature_val) values (130, 45, 'Printing Resolution', '5760 x 1440 dpi');
insert into custom_feature (custom_feature_id, product_id, custom_feature_name, custom_feature_val) values (131, 45, 'Print Head / Ink - Number of Nozzles', '180 x 1 Nozzles Black, 59 x 1 Nozzles Per Colour');
insert into custom_feature (custom_feature_id, product_id, custom_feature_name, custom_feature_val) values (132, 45, 'System Requirements', 'Windows XP / Vista / 7 / 8 / 8.1 / 10, Windows Server 2003 / 2008 / 2012 / 2016,Only printing and scanning functions are supported for Windows Server OS,Mac OS X 10.6.8 or later');
insert into custom_feature (custom_feature_id, product_id, custom_feature_name, custom_feature_val) values (133, 45, 'Bluetooth / NFC / Wif', 'WIFI');
insert into custom_feature (custom_feature_id, product_id, custom_feature_name, custom_feature_val) values (134, 45, 'Network - Network Protocol', 'TCP/IPv4, TCP/IPv6');
insert into custom_feature (custom_feature_id, product_id, custom_feature_name, custom_feature_val) values (135, 45, 'Network - Wireless LAN', 'SNMP, HTTP, DHCP, APIPA, PING, DDNS, mDNS, SLP, WSD, LLTD');
insert into custom_feature (custom_feature_id, product_id, custom_feature_name, custom_feature_val) values (136, 45, 'Dimension (W x D x H)', '375 mm x 347 mm x 179 mm');
insert into custom_feature (custom_feature_id, product_id, custom_feature_name, custom_feature_val) values (137, 45, 'Colors', 'Black');
insert into custom_feature (custom_feature_id, product_id, custom_feature_name, custom_feature_val) values (138, 45, 'Paper Size', 'Legal, Indian-Legal (215 x 345 mm), 8.5 x 13\", Letter, A4, 16K (195 x 270 mm), B5, A5, B6, A6, Hagaki (100 x 148 mm),5 x 7\", 4 x 6\", Envelopes: #10, DL, C6');
insert into custom_feature (custom_feature_id, product_id, custom_feature_name, custom_feature_val) values (139, 45, 'Warranty', '1 Year Or 30,000 Pages Which Ever Comes First');

insert into variant (variant_id, product_id, variant_name, price, quantity) values (1, 1, 'Black/Copper - 4GB ', 60000.00, 24);
insert into variant (variant_id, product_id, variant_name, price, quantity) values (2, 1, 'White/Copper - 4GB', 60000.00, -1);
insert into variant (variant_id, product_id, variant_name, price, quantity) values (3, 1, 'Black/Copper - 6GB', 65000.00, 11);
insert into variant (variant_id, product_id, variant_name, price, quantity) values (4, 2, 'Silver - 64GB', 200000.00, 4);
insert into variant (variant_id, product_id, variant_name, price, quantity) values (5, 2, 'Gray - 256GB', 220000.00, 3);
insert into variant (variant_id, product_id, variant_name, price, quantity) values (6, 3, 'Black - 1TB - 8GB', 250000.00, 10);
insert into variant (variant_id, product_id, variant_name, price, quantity) values (7, 3, 'Silver - 8GB - 2TB', 275000.00, 8);
insert into variant (variant_id, product_id, variant_name, price, quantity) values (8, 3, 'Silver - 16GB - 1TB', 285000.00, 3);
insert into variant (variant_id, product_id, variant_name, price, quantity) values (9, 3, 'Black - 2TB - 32GB', 300000.00, 2);
insert into variant (variant_id, product_id, variant_name, price, quantity) values (10, 5, 'Black - 16GB - 2GB', 50000.00, 9);
insert into variant (variant_id, product_id, variant_name, price, quantity) values (11, 7, 'Silver - 512GB - 8GB - i5', 300000.00, 9);
insert into variant (variant_id, product_id, variant_name, price, quantity) values (12, 7, 'Blue - 1TB - 8GB - i5', 320000.00, 7);
insert into variant (variant_id, product_id, variant_name, price, quantity) values (13, 7, 'Gold - 2TB - 16GB - i7', 410000.00, 4);
insert into variant (variant_id, product_id, variant_name, price, quantity) values (14, 7, 'Teal - 1TB - 8GB - i7', 365000.00, 2);
insert into variant (variant_id, product_id, variant_name, price, quantity) values (15, 8, 'D7500 - Default', 500000.00, 2);
insert into variant (variant_id, product_id, variant_name, price, quantity) values (16, 9, 'D500 - Default', 400000.00, 3);
insert into variant (variant_id, product_id, variant_name, price, quantity) values (17, 10, 'Silver - Steel', 250000.00, 17);
insert into variant (variant_id, product_id, variant_name, price, quantity) values (18, 10, 'Green - Aluminium', 250000.00, 11);
insert into variant (variant_id, product_id, variant_name, price, quantity) values (19, 11, 'Gray - 8GB - 128GB', 345000.00, 10);
insert into variant (variant_id, product_id, variant_name, price, quantity) values (20, 11, 'Silver - 8GB - 128GB', 345000.00, 14);
insert into variant (variant_id, product_id, variant_name, price, quantity) values (21, 14, 'PRS1140 - Default', 5000.00, 120);
insert into variant (variant_id, product_id, variant_name, price, quantity) values (22, 15, 'MF286R - Default', 10000.00, 87);
insert into variant (variant_id, product_id, variant_name, price, quantity) values (23, 16, 'Watch4 - Black', 350000.00, 10);
insert into variant (variant_id, product_id, variant_name, price, quantity) values (24, 16, 'Watch4 - Silver', 350000.00, 12);
insert into variant (variant_id, product_id, variant_name, price, quantity) values (25, 17, 'CRG5 - Default', 79000.00, 11);
insert into variant (variant_id, product_id, variant_name, price, quantity) values (26, 18, 'T35F - Default', 65000.00, 8);
insert into variant (variant_id, product_id, variant_name, price, quantity) values (27, 19, '25H3 - Blue', 20000.00, 78);
insert into variant (variant_id, product_id, variant_name, price, quantity) values (28, 19, '25H3 - Purple', 20000.00, 41);
insert into variant (variant_id, product_id, variant_name, price, quantity) values (29, 20, 'Nokia TV - 32 - Default', 60000.00, 10);
insert into variant (variant_id, product_id, variant_name, price, quantity) values (30, 21, 'Nokia TV - 43 - Default', 75000.00, 7);
insert into variant (variant_id, product_id, variant_name, price, quantity) values (31, 22, 'Samsung T7 - 500GB', 45000.00, 35);
insert into variant (variant_id, product_id, variant_name, price, quantity) values (32, 22, 'Samsung T7 - 1TB', 65000.00, 21);
insert into variant (variant_id, product_id, variant_name, price, quantity) values (33, 23, 'Z24 - Default', 450000.00, 4);
insert into variant (variant_id, product_id, variant_name, price, quantity) values (34, 24, 'TG01-1160xt - Default', 325000.00, 4);
insert into variant (variant_id, product_id, variant_name, price, quantity) values (35, 25, 'S22 - Blue - 128GB', 350000.00, 10);
insert into variant (variant_id, product_id, variant_name, price, quantity) values (36, 25, 'S22 - Green - 128GB', 350000.00, 12);
insert into variant (variant_id, product_id, variant_name, price, quantity) values (37, 25, 'S22 - Blue - 256GB', 400000.00, 4);
insert into variant (variant_id, product_id, variant_name, price, quantity) values (38, 25, 'S22 - Green - 256GB', 400000.00, 7);
insert into variant (variant_id, product_id, variant_name, price, quantity) values (39, 3, 'Silver - 1TB - 8GB', 290000.00, 9);
insert into variant (variant_id, product_id, variant_name, price, quantity) values (40, 3, 'Black - 2TB - 8GB', 280000.00, 4);
insert into variant (variant_id, product_id, variant_name, price, quantity) values (41, 3, 'Black - 1TB - 16GB', 285000.00, 10);
insert into variant (variant_id, product_id, variant_name, price, quantity) values (42, 3, 'Black - 2TB - 16GB', 285000.00, 14);
insert into variant (variant_id, product_id, variant_name, price, quantity) values (43, 3, 'Silver - 2TB - 16GB', 285000.00, 7);
insert into variant (variant_id, product_id, variant_name, price, quantity) values (44, 3, 'Black - 1TB - 32GB', 295000.00, 4);
insert into variant (variant_id, product_id, variant_name, price, quantity) values (45, 3, 'Silver - 1TB - 32GB', 295000.00, 4);
insert into variant (variant_id, product_id, variant_name, price, quantity) values (46, 3, 'Silver - 2TB - 32GB', 3.00, 300000);
insert into variant (variant_id, product_id, variant_name, price, quantity) values (47, 5, 'Gold - 16GB - 2GB', 50000.00, 10);
insert into variant (variant_id, product_id, variant_name, price, quantity) values (48, 5, 'Silver - 16GB - 2GB', 50000.00, 7);
insert into variant (variant_id, product_id, variant_name, price, quantity) values (49, 5, 'Black - 32GB - 2GB', 60000.00, 7);
insert into variant (variant_id, product_id, variant_name, price, quantity) values (50, 5, 'Gold - 32GB - 2GB', 60000.00, 9);
insert into variant (variant_id, product_id, variant_name, price, quantity) values (51, 5, 'Silver - 32GB - 2GB', 60000.00, 12);
insert into variant (variant_id, product_id, variant_name, price, quantity) values (52, 5, 'Black - 64GB - 2GB', 70000.00, 45);
insert into variant (variant_id, product_id, variant_name, price, quantity) values (53, 5, 'Gold - 64GB - 2GB', 70000.00, 7);
insert into variant (variant_id, product_id, variant_name, price, quantity) values (54, 5, 'Silver - 64GB - 2GB', 70000.00, 10);
insert into variant (variant_id, product_id, variant_name, price, quantity) values (55, 5, 'Black - 128GB - 2GB', 75000.00, 4);
insert into variant (variant_id, product_id, variant_name, price, quantity) values (56, 5, 'Gold - 128GB - 2GB', 75000.00, 1);
insert into variant (variant_id, product_id, variant_name, price, quantity) values (57, 5, 'Silver - 128GB - 2GB', 75000.00, 10);
insert into variant (variant_id, product_id, variant_name, price, quantity) values (58, 5, 'Black - 16GB - 3GB', 65000.00, 14);
insert into variant (variant_id, product_id, variant_name, price, quantity) values (59, 5, 'Gold - 16GB - 3GB', 65000.00, 7);
insert into variant (variant_id, product_id, variant_name, price, quantity) values (60, 5, 'Silver - 16GB - 3GB', 65000.00, 10);
insert into variant (variant_id, product_id, variant_name, price, quantity) values (61, 5, 'Black - 32GB - 3GB', 70000.00, 4);
insert into variant (variant_id, product_id, variant_name, price, quantity) values (62, 5, 'Gold - 32GB - 3GB', 70000.00, 12);
insert into variant (variant_id, product_id, variant_name, price, quantity) values (63, 5, 'Silver - 32GB - 3GB', 70000.00, 13);
insert into variant (variant_id, product_id, variant_name, price, quantity) values (64, 5, 'Black - 64GB - 3GB', 75000.00, 36);
insert into variant (variant_id, product_id, variant_name, price, quantity) values (65, 5, 'Gold - 64GB - 3GB', 75000.00, 14);
insert into variant (variant_id, product_id, variant_name, price, quantity) values (66, 5, 'Silver - 64GB - 3GB', 75000.00, 19);
insert into variant (variant_id, product_id, variant_name, price, quantity) values (67, 5, 'Black - 128GB - 3GB', 80000.00, 15);
insert into variant (variant_id, product_id, variant_name, price, quantity) values (68, 5, 'Gold - 128GB - 3GB', 80000.00, 27);
insert into variant (variant_id, product_id, variant_name, price, quantity) values (69, 5, 'Silver - 128GB - 3GB', 80000.00, 17);
insert into variant (variant_id, product_id, variant_name, price, quantity) values (70, 2, 'Gray - 64GB', 200000.00, 9);
insert into variant (variant_id, product_id, variant_name, price, quantity) values (71, 2, 'Silver - 256GB', 220000.00, 7);
insert into variant (variant_id, product_id, variant_name, price, quantity) values (72, 26, 'Dell  MS3320W Titan Grey', 5000.00, 50);
insert into variant (variant_id, product_id, variant_name, price, quantity) values (73, 26, 'Dell MS3320W Black', 5000.00, 50);
insert into variant (variant_id, product_id, variant_name, price, quantity) values (74, 27, 'Logitech M650 Red', 4000.00, 25);
insert into variant (variant_id, product_id, variant_name, price, quantity) values (75, 27, 'Logitech M650 Off-White', 4000.00, 25);
insert into variant (variant_id, product_id, variant_name, price, quantity) values (76, 27, 'Logitech M650 Rose', 4000.00, 25);
insert into variant (variant_id, product_id, variant_name, price, quantity) values (77, 27, 'Logitech M650 Graphite', 4000.00, 25);
insert into variant (variant_id, product_id, variant_name, price, quantity) values (78, 28, 'Logitech M585 Graphite', 6000.00, 25);
insert into variant (variant_id, product_id, variant_name, price, quantity) values (79, 28, 'Logitech M585 Grey', 6000.00, 25);
insert into variant (variant_id, product_id, variant_name, price, quantity) values (80, 29, 'HP OMEN', 2500.00, 25);
insert into variant (variant_id, product_id, variant_name, price, quantity) values (81, 30, 'Hp 15-Bs', 8000.00, 25);
insert into variant (variant_id, product_id, variant_name, price, quantity) values (82, 31, 'Corsair K70 ', 66000.00, 25);
insert into variant (variant_id, product_id, variant_name, price, quantity) values (83, 32, 'Corsair K70 KeyBoard', 66000.00, 25);
insert into variant (variant_id, product_id, variant_name, price, quantity) values (84, 33, 'SanDisk Extreme -32GB', 4372.00, 25);
insert into variant (variant_id, product_id, variant_name, price, quantity) values (85, 33, 'SanDisk Extreme -64GB', 6000.00, 25);
insert into variant (variant_id, product_id, variant_name, price, quantity) values (86, 33, 'SanDisk Extreme -128GB', 9200.00, 25);
insert into variant (variant_id, product_id, variant_name, price, quantity) values (87, 34, 'with 18-55mm', 220000.00, 5);
insert into variant (variant_id, product_id, variant_name, price, quantity) values (88, 34, 'with 18-140mm', 300000.00, 6);
insert into variant (variant_id, product_id, variant_name, price, quantity) values (89, 34, 'with 50mm', 275000.00, 10);
insert into variant (variant_id, product_id, variant_name, price, quantity) values (90, 35, 'with 18-55mm', 300000.00, 12);
insert into variant (variant_id, product_id, variant_name, price, quantity) values (91, 35, 'with 18-135mm', 350000.00, 14);
insert into variant (variant_id, product_id, variant_name, price, quantity) values (92, 36, '24 inch', 75000.00, 11);
insert into variant (variant_id, product_id, variant_name, price, quantity) values (93, 37, '27 inch', 150000.00, 8);
insert into variant (variant_id, product_id, variant_name, price, quantity) values (94, 38, 'Black 128GB', 175000.00, 3);
insert into variant (variant_id, product_id, variant_name, price, quantity) values (95, 38, 'Black 256GB', 275000.00, 2);
insert into variant (variant_id, product_id, variant_name, price, quantity) values (96, 38, 'Green 128GB', 180000.00, 4);
insert into variant (variant_id, product_id, variant_name, price, quantity) values (97, 38, 'Green 256GB', 280000.00, 1);
insert into variant (variant_id, product_id, variant_name, price, quantity) values (98, 39, '22 inch', 65000.00, 5);
insert into variant (variant_id, product_id, variant_name, price, quantity) values (99, 40, 'Lexar® Professional SD - 64GB', 12000.00, 30);
insert into variant (variant_id, product_id, variant_name, price, quantity) values (100, 40, 'Lexar® Professional SD - 256GB', 25000.00, 20);
insert into variant (variant_id, product_id, variant_name, price, quantity) values (101, 40, 'Lexar® Professional SD - 128GB', 16000.00, 25);
insert into variant (variant_id, product_id, variant_name, price, quantity) values (102, 41, 'Anker 737 Power Bank - Default', 60000.00, 15);
insert into variant (variant_id, product_id, variant_name, price, quantity) values (103, 42, 'Anker 525 Power Bank - Default', 25000.00, 15);
insert into variant (variant_id, product_id, variant_name, price, quantity) values (104, 43, 'Baseus Power Bank - Black', 21000.00, 15);
insert into variant (variant_id, product_id, variant_name, price, quantity) values (105, 43, 'Baseus Power Bank - Blue', 21000.00, 15);
insert into variant (variant_id, product_id, variant_name, price, quantity) values (106, 44, 'EPSON-L130 - Default', 78000.00, 10);
insert into variant (variant_id, product_id, variant_name, price, quantity) values (107, 45, 'EPSON-L3150 - Default', 82000.00, 10);

update product set default_variant_id = 1 where product_id = 1;
update product set default_variant_id = 70 where product_id = 2;
update product set default_variant_id = 6 where product_id = 3;
update product set default_variant_id = 10 where product_id = 5;
update product set default_variant_id = 11 where product_id = 7;
update product set default_variant_id = 15 where product_id = 8;
update product set default_variant_id = 16 where product_id = 9;
update product set default_variant_id = 17 where product_id = 10;
update product set default_variant_id = 19 where product_id = 11;
update product set default_variant_id = 21 where product_id = 14;
update product set default_variant_id = 22 where product_id = 15;
update product set default_variant_id = 23 where product_id = 16;
update product set default_variant_id = 25 where product_id = 17;
update product set default_variant_id = 26 where product_id = 18;
update product set default_variant_id = 27 where product_id = 19;
update product set default_variant_id = 29 where product_id = 20;
update product set default_variant_id = 30 where product_id = 21;
update product set default_variant_id = 31 where product_id = 22;
update product set default_variant_id = 33 where product_id = 23;
update product set default_variant_id = 34 where product_id = 24;
update product set default_variant_id = 35 where product_id = 25;
update product set default_variant_id = 73 where product_id = 26;
update product set default_variant_id = 74 where product_id = 27;
update product set default_variant_id = 78 where product_id = 28;
update product set default_variant_id = 80 where product_id = 29;
update product set default_variant_id = 81 where product_id = 30;
update product set default_variant_id = 82 where product_id = 31;
update product set default_variant_id = 83 where product_id = 32;
update product set default_variant_id = 84 where product_id = 33;
update product set default_variant_id = 87 where product_id = 34;
update product set default_variant_id = 90 where product_id = 35;
update product set default_variant_id = 92 where product_id = 36;
update product set default_variant_id = 93 where product_id = 37;
update product set default_variant_id = 94 where product_id = 38;
update product set default_variant_id = 98 where product_id = 39;
update product set default_variant_id = 99 where product_id = 40;
update product set default_variant_id = 102 where product_id = 41;
update product set default_variant_id = 103 where product_id = 42;
update product set default_variant_id = 104 where product_id = 43;
update product set default_variant_id = 106 where product_id = 44;
update product set default_variant_id = 107 where product_id = 45;

insert into variant_option (option_id, product_id, option_name) values (1, 1, 'Color');
insert into variant_option (option_id, product_id, option_name) values (2, 1, 'RAM');
insert into variant_option (option_id, product_id, option_name) values (3, 2, 'Storage');
insert into variant_option (option_id, product_id, option_name) values (4, 2, 'Color');
insert into variant_option (option_id, product_id, option_name) values (5, 3, 'Color');
insert into variant_option (option_id, product_id, option_name) values (6, 3, 'Storage');
insert into variant_option (option_id, product_id, option_name) values (7, 3, 'RAM');
insert into variant_option (option_id, product_id, option_name) values (8, 5, 'Color');
insert into variant_option (option_id, product_id, option_name) values (9, 5, 'Storage');
insert into variant_option (option_id, product_id, option_name) values (10, 5, 'RAM');
insert into variant_option (option_id, product_id, option_name) values (11, 7, 'Color');
insert into variant_option (option_id, product_id, option_name) values (12, 7, 'Storage');
insert into variant_option (option_id, product_id, option_name) values (13, 7, 'RAM');
insert into variant_option (option_id, product_id, option_name) values (14, 7, 'Processor');
insert into variant_option (option_id, product_id, option_name) values (15, 10, 'Case');
insert into variant_option (option_id, product_id, option_name) values (16, 10, 'Color');
insert into variant_option (option_id, product_id, option_name) values (17, 11, 'Color');
insert into variant_option (option_id, product_id, option_name) values (18, 11, 'RAM');
insert into variant_option (option_id, product_id, option_name) values (19, 11, 'Storage');
insert into variant_option (option_id, product_id, option_name) values (20, 16, 'Color');
insert into variant_option (option_id, product_id, option_name) values (21, 19, 'Color');
insert into variant_option (option_id, product_id, option_name) values (22, 22, 'Capacity');
insert into variant_option (option_id, product_id, option_name) values (23, 25, 'Color');
insert into variant_option (option_id, product_id, option_name) values (24, 25, 'Storage');
insert into variant_option (option_id, product_id, option_name) values (25, 26, 'Color');
insert into variant_option (option_id, product_id, option_name) values (26, 27, 'Color');
insert into variant_option (option_id, product_id, option_name) values (27, 28, 'Color');
insert into variant_option (option_id, product_id, option_name) values (28, 33, 'Storage Capacity');
insert into variant_option (option_id, product_id, option_name) values (29, 34, 'Lens');
insert into variant_option (option_id, product_id, option_name) values (30, 35, 'Lens');
insert into variant_option (option_id, product_id, option_name) values (31, 38, 'Size');
insert into variant_option (option_id, product_id, option_name) values (32, 38, 'Color');
insert into variant_option (option_id, product_id, option_name) values (33, 40, 'Storage Capacity');
insert into variant_option (option_id, product_id, option_name) values (34, 43, 'Color');

insert into variant_option_values (value_id, product_id, option_id, value_name) values (1, 1, 1, 'Black/Copper');
insert into variant_option_values (value_id, product_id, option_id, value_name) values (2, 1, 1, 'White/Copper');
insert into variant_option_values (value_id, product_id, option_id, value_name) values (3, 1, 2, '4GB');
insert into variant_option_values (value_id, product_id, option_id, value_name) values (4, 1, 2, '6GB');
insert into variant_option_values (value_id, product_id, option_id, value_name) values (5, 2, 3, '64GB');
insert into variant_option_values (value_id, product_id, option_id, value_name) values (6, 2, 3, '256GB');
insert into variant_option_values (value_id, product_id, option_id, value_name) values (7, 2, 4, 'Space Gray');
insert into variant_option_values (value_id, product_id, option_id, value_name) values (8, 2, 4, 'Silver');
insert into variant_option_values (value_id, product_id, option_id, value_name) values (9, 3, 5, 'Black');
insert into variant_option_values (value_id, product_id, option_id, value_name) values (10, 3, 5, 'Silver');
insert into variant_option_values (value_id, product_id, option_id, value_name) values (11, 3, 6, '1TB');
insert into variant_option_values (value_id, product_id, option_id, value_name) values (12, 3, 6, '2TB');
insert into variant_option_values (value_id, product_id, option_id, value_name) values (13, 3, 7, '8GB');
insert into variant_option_values (value_id, product_id, option_id, value_name) values (14, 3, 7, '16GB');
insert into variant_option_values (value_id, product_id, option_id, value_name) values (15, 3, 7, '32GB');
insert into variant_option_values (value_id, product_id, option_id, value_name) values (16, 5, 8, 'Black');
insert into variant_option_values (value_id, product_id, option_id, value_name) values (17, 5, 8, 'Gold');
insert into variant_option_values (value_id, product_id, option_id, value_name) values (18, 5, 8, 'Silver');
insert into variant_option_values (value_id, product_id, option_id, value_name) values (19, 5, 9, '16GB');
insert into variant_option_values (value_id, product_id, option_id, value_name) values (20, 5, 9, '32GB');
insert into variant_option_values (value_id, product_id, option_id, value_name) values (21, 5, 9, '64GB');
insert into variant_option_values (value_id, product_id, option_id, value_name) values (22, 5, 9, '128GB');
insert into variant_option_values (value_id, product_id, option_id, value_name) values (23, 5, 10, '2GB');
insert into variant_option_values (value_id, product_id, option_id, value_name) values (24, 5, 10, '3GB');
insert into variant_option_values (value_id, product_id, option_id, value_name) values (25, 7, 11, 'Natural Silver');
insert into variant_option_values (value_id, product_id, option_id, value_name) values (26, 7, 11, 'Fog Blue');
insert into variant_option_values (value_id, product_id, option_id, value_name) values (27, 7, 11, 'Forest Teal');
insert into variant_option_values (value_id, product_id, option_id, value_name) values (28, 7, 11, 'Warm Gold');
insert into variant_option_values (value_id, product_id, option_id, value_name) values (29, 7, 12, '512GB');
insert into variant_option_values (value_id, product_id, option_id, value_name) values (30, 7, 12, '1TB');
insert into variant_option_values (value_id, product_id, option_id, value_name) values (31, 7, 12, '2TB');
insert into variant_option_values (value_id, product_id, option_id, value_name) values (32, 7, 13, '8GB');
insert into variant_option_values (value_id, product_id, option_id, value_name) values (33, 7, 13, '16GB');
insert into variant_option_values (value_id, product_id, option_id, value_name) values (34, 7, 14, 'Intel Core i5');
insert into variant_option_values (value_id, product_id, option_id, value_name) values (35, 7, 14, 'Intel Core i7');
insert into variant_option_values (value_id, product_id, option_id, value_name) values (36, 10, 15, 'Stainless Steel');
insert into variant_option_values (value_id, product_id, option_id, value_name) values (37, 10, 15, 'Aluminum ');
insert into variant_option_values (value_id, product_id, option_id, value_name) values (38, 10, 16, 'Silver');
insert into variant_option_values (value_id, product_id, option_id, value_name) values (39, 10, 16, 'Green');
insert into variant_option_values (value_id, product_id, option_id, value_name) values (40, 10, 16, 'Blue');
insert into variant_option_values (value_id, product_id, option_id, value_name) values (41, 10, 16, 'Midnight');
insert into variant_option_values (value_id, product_id, option_id, value_name) values (42, 10, 16, 'Gold');
insert into variant_option_values (value_id, product_id, option_id, value_name) values (43, 10, 16, 'Graphite');
insert into variant_option_values (value_id, product_id, option_id, value_name) values (44, 10, 16, 'Red');
insert into variant_option_values (value_id, product_id, option_id, value_name) values (45, 11, 17, 'Silver');
insert into variant_option_values (value_id, product_id, option_id, value_name) values (46, 11, 17, 'Space Gray');
insert into variant_option_values (value_id, product_id, option_id, value_name) values (47, 11, 18, '8GB');
insert into variant_option_values (value_id, product_id, option_id, value_name) values (48, 11, 18, '16GB');
insert into variant_option_values (value_id, product_id, option_id, value_name) values (49, 11, 19, '128GB');
insert into variant_option_values (value_id, product_id, option_id, value_name) values (50, 11, 19, '256GB');
insert into variant_option_values (value_id, product_id, option_id, value_name) values (51, 11, 19, '512GB');
insert into variant_option_values (value_id, product_id, option_id, value_name) values (52, 16, 20, 'Black');
insert into variant_option_values (value_id, product_id, option_id, value_name) values (53, 16, 20, 'Silver');
insert into variant_option_values (value_id, product_id, option_id, value_name) values (54, 19, 21, 'Navy Blue');
insert into variant_option_values (value_id, product_id, option_id, value_name) values (55, 19, 21, 'Purple');
insert into variant_option_values (value_id, product_id, option_id, value_name) values (56, 22, 22, '500GB');
insert into variant_option_values (value_id, product_id, option_id, value_name) values (57, 22, 22, '1TB');
insert into variant_option_values (value_id, product_id, option_id, value_name) values (58, 25, 23, 'Sky Blue');
insert into variant_option_values (value_id, product_id, option_id, value_name) values (59, 25, 23, 'Green');
insert into variant_option_values (value_id, product_id, option_id, value_name) values (60, 25, 24, '128GB');
insert into variant_option_values (value_id, product_id, option_id, value_name) values (61, 25, 24, '256GB');
insert into variant_option_values (value_id, product_id, option_id, value_name) values (62, 26, 25, 'Titan Grey');
insert into variant_option_values (value_id, product_id, option_id, value_name) values (63, 26, 25, 'Black');
insert into variant_option_values (value_id, product_id, option_id, value_name) values (64, 27, 26, 'Red');
insert into variant_option_values (value_id, product_id, option_id, value_name) values (65, 27, 26, 'Off-White');
insert into variant_option_values (value_id, product_id, option_id, value_name) values (66, 27, 26, 'Rose');
insert into variant_option_values (value_id, product_id, option_id, value_name) values (67, 27, 26, 'Graphite');
insert into variant_option_values (value_id, product_id, option_id, value_name) values (68, 28, 27, 'Graphite');
insert into variant_option_values (value_id, product_id, option_id, value_name) values (69, 28, 27, 'Grey');
insert into variant_option_values (value_id, product_id, option_id, value_name) values (70, 33, 28, '32GB');
insert into variant_option_values (value_id, product_id, option_id, value_name) values (71, 33, 28, '64GB');
insert into variant_option_values (value_id, product_id, option_id, value_name) values (72, 33, 28, '128GB');
insert into variant_option_values (value_id, product_id, option_id, value_name) values (73, 34, 29, '18-55mm');
insert into variant_option_values (value_id, product_id, option_id, value_name) values (74, 34, 29, '18-140mm');
insert into variant_option_values (value_id, product_id, option_id, value_name) values (75, 34, 29, '50mm');
insert into variant_option_values (value_id, product_id, option_id, value_name) values (76, 35, 30, '18-55mm');
insert into variant_option_values (value_id, product_id, option_id, value_name) values (77, 35, 30, '18-135mm');
insert into variant_option_values (value_id, product_id, option_id, value_name) values (78, 38, 31, '128GB');
insert into variant_option_values (value_id, product_id, option_id, value_name) values (79, 38, 31, '256GB');
insert into variant_option_values (value_id, product_id, option_id, value_name) values (80, 38, 32, 'Black');
insert into variant_option_values (value_id, product_id, option_id, value_name) values (81, 38, 32, 'Green');
insert into variant_option_values (value_id, product_id, option_id, value_name) values (82, 40, 33, '64GB');
insert into variant_option_values (value_id, product_id, option_id, value_name) values (83, 40, 33, '128GB');
insert into variant_option_values (value_id, product_id, option_id, value_name) values (84, 40, 33, '256GB');
insert into variant_option_values (value_id, product_id, option_id, value_name) values (85, 43, 34, 'Black');
insert into variant_option_values (value_id, product_id, option_id, value_name) values (86, 43, 34, 'Blue');


insert into variant_values (product_id, variant_id, option_id, value_id) values (1, 1, 1, 1);
insert into variant_values (product_id, variant_id, option_id, value_id) values (1, 1, 2, 3);
insert into variant_values (product_id, variant_id, option_id, value_id) values (1, 2, 1, 2);
insert into variant_values (product_id, variant_id, option_id, value_id) values (1, 2, 2, 3);
insert into variant_values (product_id, variant_id, option_id, value_id) values (1, 3, 1, 1);
insert into variant_values (product_id, variant_id, option_id, value_id) values (1, 3, 2, 4);
insert into variant_values (product_id, variant_id, option_id, value_id) values (2, 4, 3, 5);
insert into variant_values (product_id, variant_id, option_id, value_id) values (2, 4, 4, 8);
insert into variant_values (product_id, variant_id, option_id, value_id) values (2, 5, 3, 6);
insert into variant_values (product_id, variant_id, option_id, value_id) values (2, 5, 4, 7);
insert into variant_values (product_id, variant_id, option_id, value_id) values (3, 6, 5, 9);
insert into variant_values (product_id, variant_id, option_id, value_id) values (3, 6, 6, 11);
insert into variant_values (product_id, variant_id, option_id, value_id) values (3, 6, 7, 13);
insert into variant_values (product_id, variant_id, option_id, value_id) values (3, 7, 5, 10);
insert into variant_values (product_id, variant_id, option_id, value_id) values (3, 7, 6, 12);
insert into variant_values (product_id, variant_id, option_id, value_id) values (3, 7, 7, 13);
insert into variant_values (product_id, variant_id, option_id, value_id) values (3, 8, 5, 10);
insert into variant_values (product_id, variant_id, option_id, value_id) values (3, 8, 6, 11);
insert into variant_values (product_id, variant_id, option_id, value_id) values (3, 8, 7, 14);
insert into variant_values (product_id, variant_id, option_id, value_id) values (3, 9, 5, 9);
insert into variant_values (product_id, variant_id, option_id, value_id) values (3, 9, 6, 12);
insert into variant_values (product_id, variant_id, option_id, value_id) values (3, 9, 7, 15);
insert into variant_values (product_id, variant_id, option_id, value_id) values (5, 10, 8, 16);
insert into variant_values (product_id, variant_id, option_id, value_id) values (5, 10, 9, 19);
insert into variant_values (product_id, variant_id, option_id, value_id) values (5, 10, 10, 23);
insert into variant_values (product_id, variant_id, option_id, value_id) values (7, 11, 11, 25);
insert into variant_values (product_id, variant_id, option_id, value_id) values (7, 11, 12, 29);
insert into variant_values (product_id, variant_id, option_id, value_id) values (7, 11, 13, 32);
insert into variant_values (product_id, variant_id, option_id, value_id) values (7, 11, 14, 34);
insert into variant_values (product_id, variant_id, option_id, value_id) values (7, 12, 11, 26);
insert into variant_values (product_id, variant_id, option_id, value_id) values (7, 12, 12, 30);
insert into variant_values (product_id, variant_id, option_id, value_id) values (7, 12, 13, 32);
insert into variant_values (product_id, variant_id, option_id, value_id) values (7, 12, 14, 34);
insert into variant_values (product_id, variant_id, option_id, value_id) values (7, 13, 11, 28);
insert into variant_values (product_id, variant_id, option_id, value_id) values (7, 13, 12, 31);
insert into variant_values (product_id, variant_id, option_id, value_id) values (7, 13, 13, 33);
insert into variant_values (product_id, variant_id, option_id, value_id) values (7, 13, 14, 35);
insert into variant_values (product_id, variant_id, option_id, value_id) values (7, 14, 11, 27);
insert into variant_values (product_id, variant_id, option_id, value_id) values (7, 14, 12, 30);
insert into variant_values (product_id, variant_id, option_id, value_id) values (7, 14, 13, 32);
insert into variant_values (product_id, variant_id, option_id, value_id) values (7, 14, 14, 35);
insert into variant_values (product_id, variant_id, option_id, value_id) values (10, 17, 15, 36);
insert into variant_values (product_id, variant_id, option_id, value_id) values (10, 17, 16, 38);
insert into variant_values (product_id, variant_id, option_id, value_id) values (10, 18, 15, 37);
insert into variant_values (product_id, variant_id, option_id, value_id) values (10, 18, 16, 39);
insert into variant_values (product_id, variant_id, option_id, value_id) values (11, 19, 17, 46);
insert into variant_values (product_id, variant_id, option_id, value_id) values (11, 19, 18, 47);
insert into variant_values (product_id, variant_id, option_id, value_id) values (11, 19, 19, 49);
insert into variant_values (product_id, variant_id, option_id, value_id) values (11, 20, 17, 45);
insert into variant_values (product_id, variant_id, option_id, value_id) values (11, 20, 18, 47);
insert into variant_values (product_id, variant_id, option_id, value_id) values (11, 20, 19, 49);
insert into variant_values (product_id, variant_id, option_id, value_id) values (16, 23, 20, 52);
insert into variant_values (product_id, variant_id, option_id, value_id) values (16, 24, 20, 53);
insert into variant_values (product_id, variant_id, option_id, value_id) values (19, 27, 21, 54);
insert into variant_values (product_id, variant_id, option_id, value_id) values (19, 28, 21, 55);
insert into variant_values (product_id, variant_id, option_id, value_id) values (22, 31, 22, 56);
insert into variant_values (product_id, variant_id, option_id, value_id) values (22, 32, 22, 57);
insert into variant_values (product_id, variant_id, option_id, value_id) values (25, 35, 23, 58);
insert into variant_values (product_id, variant_id, option_id, value_id) values (25, 35, 24, 60);
insert into variant_values (product_id, variant_id, option_id, value_id) values (25, 36, 23, 59);
insert into variant_values (product_id, variant_id, option_id, value_id) values (25, 36, 24, 60);
insert into variant_values (product_id, variant_id, option_id, value_id) values (25, 37, 23, 58);
insert into variant_values (product_id, variant_id, option_id, value_id) values (25, 37, 24, 61);
insert into variant_values (product_id, variant_id, option_id, value_id) values (25, 38, 23, 59);
insert into variant_values (product_id, variant_id, option_id, value_id) values (25, 38, 24, 61);
insert into variant_values (product_id, variant_id, option_id, value_id) values (3, 39, 5, 10);
insert into variant_values (product_id, variant_id, option_id, value_id) values (3, 39, 6, 11);
insert into variant_values (product_id, variant_id, option_id, value_id) values (3, 39, 7, 13);
insert into variant_values (product_id, variant_id, option_id, value_id) values (3, 40, 5, 9);
insert into variant_values (product_id, variant_id, option_id, value_id) values (3, 40, 6, 12);
insert into variant_values (product_id, variant_id, option_id, value_id) values (3, 40, 7, 13);
insert into variant_values (product_id, variant_id, option_id, value_id) values (3, 41, 5, 9);
insert into variant_values (product_id, variant_id, option_id, value_id) values (3, 41, 6, 11);
insert into variant_values (product_id, variant_id, option_id, value_id) values (3, 41, 7, 14);
insert into variant_values (product_id, variant_id, option_id, value_id) values (3, 42, 5, 9);
insert into variant_values (product_id, variant_id, option_id, value_id) values (3, 42, 6, 12);
insert into variant_values (product_id, variant_id, option_id, value_id) values (3, 42, 7, 14);
insert into variant_values (product_id, variant_id, option_id, value_id) values (3, 43, 5, 10);
insert into variant_values (product_id, variant_id, option_id, value_id) values (3, 43, 6, 12);
insert into variant_values (product_id, variant_id, option_id, value_id) values (3, 43, 7, 14);
insert into variant_values (product_id, variant_id, option_id, value_id) values (3, 44, 5, 9);
insert into variant_values (product_id, variant_id, option_id, value_id) values (3, 44, 6, 11);
insert into variant_values (product_id, variant_id, option_id, value_id) values (3, 44, 7, 15);
insert into variant_values (product_id, variant_id, option_id, value_id) values (3, 45, 5, 10);
insert into variant_values (product_id, variant_id, option_id, value_id) values (3, 45, 6, 11);
insert into variant_values (product_id, variant_id, option_id, value_id) values (3, 45, 7, 15);
insert into variant_values (product_id, variant_id, option_id, value_id) values (3, 46, 5, 10);
insert into variant_values (product_id, variant_id, option_id, value_id) values (3, 46, 6, 12);
insert into variant_values (product_id, variant_id, option_id, value_id) values (3, 46, 7, 15);
insert into variant_values (product_id, variant_id, option_id, value_id) values (5, 47, 8, 17);
insert into variant_values (product_id, variant_id, option_id, value_id) values (5, 47, 9, 19);
insert into variant_values (product_id, variant_id, option_id, value_id) values (5, 47, 10, 23);
insert into variant_values (product_id, variant_id, option_id, value_id) values (5, 48, 8, 18);
insert into variant_values (product_id, variant_id, option_id, value_id) values (5, 48, 9, 19);
insert into variant_values (product_id, variant_id, option_id, value_id) values (5, 48, 10, 23);
insert into variant_values (product_id, variant_id, option_id, value_id) values (5, 49, 8, 16);
insert into variant_values (product_id, variant_id, option_id, value_id) values (5, 49, 9, 20);
insert into variant_values (product_id, variant_id, option_id, value_id) values (5, 49, 10, 23);
insert into variant_values (product_id, variant_id, option_id, value_id) values (5, 50, 8, 17);
insert into variant_values (product_id, variant_id, option_id, value_id) values (5, 50, 9, 20);
insert into variant_values (product_id, variant_id, option_id, value_id) values (5, 50, 10, 23);
insert into variant_values (product_id, variant_id, option_id, value_id) values (5, 51, 8, 18);
insert into variant_values (product_id, variant_id, option_id, value_id) values (5, 51, 9, 20);
insert into variant_values (product_id, variant_id, option_id, value_id) values (5, 51, 10, 23);
insert into variant_values (product_id, variant_id, option_id, value_id) values (5, 52, 8, 16);
insert into variant_values (product_id, variant_id, option_id, value_id) values (5, 52, 9, 21);
insert into variant_values (product_id, variant_id, option_id, value_id) values (5, 52, 10, 23);
insert into variant_values (product_id, variant_id, option_id, value_id) values (5, 53, 8, 17);
insert into variant_values (product_id, variant_id, option_id, value_id) values (5, 53, 9, 21);
insert into variant_values (product_id, variant_id, option_id, value_id) values (5, 53, 10, 23);
insert into variant_values (product_id, variant_id, option_id, value_id) values (5, 54, 8, 18);
insert into variant_values (product_id, variant_id, option_id, value_id) values (5, 54, 9, 21);
insert into variant_values (product_id, variant_id, option_id, value_id) values (5, 54, 10, 23);
insert into variant_values (product_id, variant_id, option_id, value_id) values (5, 55, 8, 16);
insert into variant_values (product_id, variant_id, option_id, value_id) values (5, 55, 9, 22);
insert into variant_values (product_id, variant_id, option_id, value_id) values (5, 55, 10, 23);
insert into variant_values (product_id, variant_id, option_id, value_id) values (5, 56, 8, 17);
insert into variant_values (product_id, variant_id, option_id, value_id) values (5, 56, 9, 22);
insert into variant_values (product_id, variant_id, option_id, value_id) values (5, 56, 10, 23);
insert into variant_values (product_id, variant_id, option_id, value_id) values (5, 57, 8, 18);
insert into variant_values (product_id, variant_id, option_id, value_id) values (5, 57, 9, 22);
insert into variant_values (product_id, variant_id, option_id, value_id) values (5, 57, 10, 23);
insert into variant_values (product_id, variant_id, option_id, value_id) values (5, 58, 8, 16);
insert into variant_values (product_id, variant_id, option_id, value_id) values (5, 58, 9, 19);
insert into variant_values (product_id, variant_id, option_id, value_id) values (5, 58, 10, 24);
insert into variant_values (product_id, variant_id, option_id, value_id) values (5, 59, 8, 17);
insert into variant_values (product_id, variant_id, option_id, value_id) values (5, 59, 9, 19);
insert into variant_values (product_id, variant_id, option_id, value_id) values (5, 59, 10, 24);
insert into variant_values (product_id, variant_id, option_id, value_id) values (5, 60, 8, 18);
insert into variant_values (product_id, variant_id, option_id, value_id) values (5, 60, 9, 19);
insert into variant_values (product_id, variant_id, option_id, value_id) values (5, 60, 10, 24);
insert into variant_values (product_id, variant_id, option_id, value_id) values (5, 61, 8, 16);
insert into variant_values (product_id, variant_id, option_id, value_id) values (5, 61, 9, 20);
insert into variant_values (product_id, variant_id, option_id, value_id) values (5, 61, 10, 24);
insert into variant_values (product_id, variant_id, option_id, value_id) values (5, 62, 8, 17);
insert into variant_values (product_id, variant_id, option_id, value_id) values (5, 62, 9, 20);
insert into variant_values (product_id, variant_id, option_id, value_id) values (5, 62, 10, 24);
insert into variant_values (product_id, variant_id, option_id, value_id) values (5, 63, 8, 18);
insert into variant_values (product_id, variant_id, option_id, value_id) values (5, 63, 9, 20);
insert into variant_values (product_id, variant_id, option_id, value_id) values (5, 63, 10, 24);
insert into variant_values (product_id, variant_id, option_id, value_id) values (5, 64, 8, 16);
insert into variant_values (product_id, variant_id, option_id, value_id) values (5, 64, 9, 21);
insert into variant_values (product_id, variant_id, option_id, value_id) values (5, 64, 10, 24);
insert into variant_values (product_id, variant_id, option_id, value_id) values (5, 65, 8, 17);
insert into variant_values (product_id, variant_id, option_id, value_id) values (5, 65, 9, 21);
insert into variant_values (product_id, variant_id, option_id, value_id) values (5, 65, 10, 24);
insert into variant_values (product_id, variant_id, option_id, value_id) values (5, 66, 8, 18);
insert into variant_values (product_id, variant_id, option_id, value_id) values (5, 66, 9, 21);
insert into variant_values (product_id, variant_id, option_id, value_id) values (5, 66, 10, 24);
insert into variant_values (product_id, variant_id, option_id, value_id) values (5, 67, 8, 16);
insert into variant_values (product_id, variant_id, option_id, value_id) values (5, 67, 9, 22);
insert into variant_values (product_id, variant_id, option_id, value_id) values (5, 67, 10, 24);
insert into variant_values (product_id, variant_id, option_id, value_id) values (5, 68, 8, 17);
insert into variant_values (product_id, variant_id, option_id, value_id) values (5, 68, 9, 22);
insert into variant_values (product_id, variant_id, option_id, value_id) values (5, 68, 10, 24);
insert into variant_values (product_id, variant_id, option_id, value_id) values (5, 69, 8, 18);
insert into variant_values (product_id, variant_id, option_id, value_id) values (5, 69, 9, 22);
insert into variant_values (product_id, variant_id, option_id, value_id) values (5, 69, 10, 24);
insert into variant_values (product_id, variant_id, option_id, value_id) values (2, 70, 3, 5);
insert into variant_values (product_id, variant_id, option_id, value_id) values (2, 70, 4, 7);
insert into variant_values (product_id, variant_id, option_id, value_id) values (2, 71, 3, 6);
insert into variant_values (product_id, variant_id, option_id, value_id) values (2, 71, 4, 8);
insert into variant_values (product_id, variant_id, option_id, value_id) values (26, 72, 25, 62);
insert into variant_values (product_id, variant_id, option_id, value_id) values (26, 73, 25, 63);
insert into variant_values (product_id, variant_id, option_id, value_id) values (27, 74, 26, 64);
insert into variant_values (product_id, variant_id, option_id, value_id) values (27, 75, 26, 65);
insert into variant_values (product_id, variant_id, option_id, value_id) values (27, 76, 26, 66);
insert into variant_values (product_id, variant_id, option_id, value_id) values (27, 77, 26, 67);
insert into variant_values (product_id, variant_id, option_id, value_id) values (28, 78, 27, 68);
insert into variant_values (product_id, variant_id, option_id, value_id) values (28, 79, 27, 69);
insert into variant_values (product_id, variant_id, option_id, value_id) values (33, 84, 28, 70);
insert into variant_values (product_id, variant_id, option_id, value_id) values (33, 85, 28, 71);
insert into variant_values (product_id, variant_id, option_id, value_id) values (33, 86, 28, 72);
insert into variant_values (product_id, variant_id, option_id, value_id) values (34 ,87, 29, 73);
insert into variant_values (product_id, variant_id, option_id, value_id) values (34 ,88, 29, 74);
insert into variant_values (product_id, variant_id, option_id, value_id) values (34 ,89, 29, 75);
insert into variant_values (product_id, variant_id, option_id, value_id) values (35 ,90, 30, 76);
insert into variant_values (product_id, variant_id, option_id, value_id) values (35 ,91, 30, 77);
insert into variant_values (product_id, variant_id, option_id, value_id) values (38 ,94, 31, 78);
insert into variant_values (product_id, variant_id, option_id, value_id) values (38 ,94, 32, 80);
insert into variant_values (product_id, variant_id, option_id, value_id) values (38 ,95, 31, 79);
insert into variant_values (product_id, variant_id, option_id, value_id) values (38 ,95, 32, 80);
insert into variant_values (product_id, variant_id, option_id, value_id) values (38 ,96, 31, 78);
insert into variant_values (product_id, variant_id, option_id, value_id) values (38 ,96, 32, 81);
insert into variant_values (product_id, variant_id, option_id, value_id) values (38 ,97, 31, 79);
insert into variant_values (product_id, variant_id, option_id, value_id) values (38 ,97, 32, 81);
insert into variant_values (product_id, variant_id, option_id, value_id) values (40, 99, 33, 82);
insert into variant_values (product_id, variant_id, option_id, value_id) values (40, 100, 33, 84);
insert into variant_values (product_id, variant_id, option_id, value_id) values (40, 101, 33, 83);
insert into variant_values (product_id, variant_id, option_id, value_id) values (43, 104, 34, 85);
insert into variant_values (product_id, variant_id, option_id, value_id) values (43, 105, 34, 86);

insert into variant_image (variant_id, image_name) values (1, '041aeb97-3284-4d54-908d-cd15a99a19ee.png');
insert into variant_image (variant_id, image_name) values (1, '78793e99-21b9-4ab9-8144-66748036fdd6.png');
insert into variant_image (variant_id, image_name) values (1, '916103d0-3e9c-46d9-ba45-2915c20bf206.png');
insert into variant_image (variant_id, image_name) values (2, '6a78e5b7-4f07-4fd2-a1f1-2bb33fe9bb15.png');
insert into variant_image (variant_id, image_name) values (2, 'a1b755a9-a1f4-437a-b404-57eddd736ba6.png');
insert into variant_image (variant_id, image_name) values (3, '06cac41d-5dc0-4ba0-9fd6-bdc4595d8afc.png');
insert into variant_image (variant_id, image_name) values (3, '5bf53b92-3447-407b-8ec4-4abaf84aeb0d.png');
insert into variant_image (variant_id, image_name) values (3, 'c7f3d075-6a3e-4581-bd1d-bf9fe99e7a0c.png');
insert into variant_image (variant_id, image_name) values (4, '6c3fcde1-8cba-4c59-947d-3d0d845ec538.png');
insert into variant_image (variant_id, image_name) values (4, '8fdb63e9-41ef-421b-81b6-9051984317b3.png');
insert into variant_image (variant_id, image_name) values (5, '8e5bb046-04be-430d-b43f-50d7f8e08782.png');
insert into variant_image (variant_id, image_name) values (5, '9d0a892e-2296-460a-95f0-e0c66bf7bfbc.png');
insert into variant_image (variant_id, image_name) values (6, '02d19284-0569-4f97-8da1-e829efe32058.png');
insert into variant_image (variant_id, image_name) values (6, 'cb1e224b-e900-49ce-a9fd-987709341c3e.png');
insert into variant_image (variant_id, image_name) values (6, 'f5744f58-307c-4e3a-a305-7591cea6ddfd.png');
insert into variant_image (variant_id, image_name) values (7, '3666d33d-c3b3-429a-8a3b-7ce12b17fc38.png');
insert into variant_image (variant_id, image_name) values (7, '7e9ee69f-9eff-4a73-bcbe-45772c201132.png');
insert into variant_image (variant_id, image_name) values (7, 'abfd0500-3b10-47fc-9a58-7f352f2e61af.png');
insert into variant_image (variant_id, image_name) values (8, '24c5c333-120b-41e6-b5b9-c28677ddb2fe.png');
insert into variant_image (variant_id, image_name) values (8, '3e9806b6-ddd1-4dee-8484-e3371478bcc1.png');
insert into variant_image (variant_id, image_name) values (8, 'ebf46444-b7e5-43e7-ad67-baa64ce1e7c4.png');
insert into variant_image (variant_id, image_name) values (9, '18ac07ed-f4f9-4a87-a2d9-644eb04630c5.png');
insert into variant_image (variant_id, image_name) values (9, '38789a71-2ce9-4aa7-841c-03556539a997.png');
insert into variant_image (variant_id, image_name) values (9, 'be2fac0b-6eba-4223-b594-40791ca87693.png');
insert into variant_image (variant_id, image_name) values (10, '073d776e-9a6f-4272-a58e-ebbf405229ee.png');
insert into variant_image (variant_id, image_name) values (10, '32133f5a-6857-48e7-852d-0531bf32e775.png');
insert into variant_image (variant_id, image_name) values (11, '95521860-054d-4247-bd29-3c8ac8d914ab.png');
insert into variant_image (variant_id, image_name) values (11, 'eb33c04c-5a0f-454f-9840-67d934d01000.png');
insert into variant_image (variant_id, image_name) values (11, 'f5c31616-3b33-437d-8ecd-75eed097fd6d.png');
insert into variant_image (variant_id, image_name) values (12, '8d85e366-208a-466a-aed9-8aef851a8645.png');
insert into variant_image (variant_id, image_name) values (12, 'b57eada5-c6c9-4dd3-92a3-545dd41ef942.png');
insert into variant_image (variant_id, image_name) values (12, 'c46b0f6a-b614-4dd9-8d98-637d8de47170.png');
insert into variant_image (variant_id, image_name) values (13, '047b91de-986d-4229-8bc4-35e220207772.png');
insert into variant_image (variant_id, image_name) values (13, '2ae938c6-4591-48a8-8a0b-0a9c477159a9.png');
insert into variant_image (variant_id, image_name) values (13, 'ee6fdeb0-cd0f-445b-8283-b197d3e19e6b.png');
insert into variant_image (variant_id, image_name) values (14, '142730e5-d876-43f7-9b68-0b76f3a2a802.png');
insert into variant_image (variant_id, image_name) values (14, '901c3c69-5fa5-4cf9-b6d6-01fcce46810b.png');
insert into variant_image (variant_id, image_name) values (14, '9722a921-ac12-4431-8a61-7eebebaefeff.png');
insert into variant_image (variant_id, image_name) values (14, '9cf738f5-ae07-4a26-bc84-fd3731c0758b.png');
insert into variant_image (variant_id, image_name) values (15, '0a040b1e-2c6a-4ec2-a694-61a81a3b0ffa.png');
insert into variant_image (variant_id, image_name) values (15, '8a433133-efa1-4abc-aaf1-3852ceb7b900.png');
insert into variant_image (variant_id, image_name) values (15, '9d08cc89-4202-410f-a7ff-312c9866c597.png');
insert into variant_image (variant_id, image_name) values (16, '11c4d24c-dc87-4342-bc24-c2eae3268934.png');
insert into variant_image (variant_id, image_name) values (16, 'e1093666-c01c-4520-b762-48cacc22fc46.png');
insert into variant_image (variant_id, image_name) values (17, 'edfb4893-2e32-4a4d-b4fd-e403341f9b31.png');
insert into variant_image (variant_id, image_name) values (18, 'be7c8b9c-111e-43f1-ad46-621401568aec.png');
insert into variant_image (variant_id, image_name) values (19, '72d36ce0-45b9-4d5a-8b86-95bb769e3bfd.png');
insert into variant_image (variant_id, image_name) values (19, 'a7556d30-a7b2-4b81-891e-8cc4ced8c864.png');
insert into variant_image (variant_id, image_name) values (20, '06608ead-4e7c-4dae-b78b-398007149a22.png');
insert into variant_image (variant_id, image_name) values (20, '2374696f-8cc6-49bd-9438-09adf8eb8a77.png');
insert into variant_image (variant_id, image_name) values (21, '9d2fa710-98eb-48dc-809c-722e1f21056e.png');
insert into variant_image (variant_id, image_name) values (22, 'e9811d49-52ff-40b8-8a80-bee38b3e6cf9.png');
insert into variant_image (variant_id, image_name) values (23, '2ecd1c8e-15c2-4192-93be-999440fc7958.png');
insert into variant_image (variant_id, image_name) values (24, 'fc6de099-27ef-4e77-811c-63f5075e82f0.png');
insert into variant_image (variant_id, image_name) values (25, '9486128b-244e-4182-b285-beece920bf9f.png');
insert into variant_image (variant_id, image_name) values (26, 'b8ea6546-ac70-4188-9455-339b1ad91d59.png');
insert into variant_image (variant_id, image_name) values (27, 'abc2eca4-9fe9-4bb0-ae74-decf3104615a.png');
insert into variant_image (variant_id, image_name) values (28, '324aa310-26b7-40b3-8cbf-6f9831264d9b.png');
insert into variant_image (variant_id, image_name) values (29, '953a3f94-e2a7-447e-8707-ddf5c0f98744.png');
insert into variant_image (variant_id, image_name) values (30, '44138a50-9c9d-481b-ab33-6b2dffc49bb1.png');
insert into variant_image (variant_id, image_name) values (31, '20535b06-cf97-4032-83cb-94abd555c653.png');
insert into variant_image (variant_id, image_name) values (31, 'e77d3a92-1cae-46d7-8007-a11df7358d37.png');
insert into variant_image (variant_id, image_name) values (32, '0effe6ad-bb7d-4847-a5db-1fd2f7e11756.png');
insert into variant_image (variant_id, image_name) values (32, 'b4f884d6-a393-4c50-8867-fadf0a908ca1.png');
insert into variant_image (variant_id, image_name) values (33, '0850b545-1621-42e8-9c0e-3ad378359574.png');
insert into variant_image (variant_id, image_name) values (33, '42ab76ce-e5cf-4eb8-a9b3-7c30b5426cd4.png');
insert into variant_image (variant_id, image_name) values (34, '7a010d97-0f93-49db-b098-1dc400338729.png');
insert into variant_image (variant_id, image_name) values (35, '53230e7d-4ca1-4fb4-bd89-dd69ce3c78e7.png');
insert into variant_image (variant_id, image_name) values (36, '0821ff48-79df-43d4-925c-e776aea49d08.png');
insert into variant_image (variant_id, image_name) values (37, '76361ed9-9cdc-4e41-a4f8-d8e55514176a.png');
insert into variant_image (variant_id, image_name) values (38, 'f336f061-0b71-4728-a2c1-a4a9b6ac1a32.png');
insert into variant_image (variant_id, image_name) values (39, 'f1cf44a1-6e31-4ec6-8766-a66b8d4911b5.png');
insert into variant_image (variant_id, image_name) values (40, 'de311e22-1375-4bc4-9b9c-5bc884e362c7.png');
insert into variant_image (variant_id, image_name) values (41, '685b32eb-5b7d-4d62-bd4b-c4fe4f4b63c6.png');
insert into variant_image (variant_id, image_name) values (42, '0700aad8-ff3b-4ef8-87fd-d7814df9c05a.png');
insert into variant_image (variant_id, image_name) values (43, '490976f1-bc7c-4ff2-8652-0baaadaacd04.png');
insert into variant_image (variant_id, image_name) values (44, 'ff67a9ec-74c7-4014-b3dd-a2cd3d83459d.png');
insert into variant_image (variant_id, image_name) values (45, 'd897d5ef-efcb-4922-b211-78d423091297.png');
insert into variant_image (variant_id, image_name) values (46, 'f55e65fa-1658-40ac-9379-299c19dbab59.png');
insert into variant_image (variant_id, image_name) values (47, 'd834acac-60f0-4f6d-8f78-a68ab91110ba.png');
insert into variant_image (variant_id, image_name) values (48, '269eba18-e36b-4b11-9c30-4cab6cca763c.png');
insert into variant_image (variant_id, image_name) values (49, '1fb8c365-ff8a-47c8-ba8d-acdc697e2389.png');
insert into variant_image (variant_id, image_name) values (50, '2ae0606c-8c4b-4b0a-bd25-0de8e69ef03d.png');
insert into variant_image (variant_id, image_name) values (51, '8c926707-1ce2-466f-b150-4aa0959366d3.png');
insert into variant_image (variant_id, image_name) values (52, '369e835b-eefe-49a5-b83b-29954f5b0455.png');
insert into variant_image (variant_id, image_name) values (53, '2cd0c745-d9af-4547-96d9-a5c2e6dc849a.png');
insert into variant_image (variant_id, image_name) values (54, 'aa998751-d29c-4fa1-9e57-b7135a4df161.png');
insert into variant_image (variant_id, image_name) values (55, 'cd10a548-3c6d-441b-9d4d-cced53102304.png');
insert into variant_image (variant_id, image_name) values (56, '40c47d11-d1c3-4caf-9f53-03e7a298ed51.png');
insert into variant_image (variant_id, image_name) values (57, '27a0387e-a8ad-42b6-bd7d-7d2313547507.png');
insert into variant_image (variant_id, image_name) values (58, 'cc6bfc66-15e0-4341-8129-55876f43a982.png');
insert into variant_image (variant_id, image_name) values (59, '95fd0afe-cdcd-45a9-bb26-e67662e41da2.png');
insert into variant_image (variant_id, image_name) values (60, '2696bc81-6279-4d6e-b318-47b7001d9e96.png');
insert into variant_image (variant_id, image_name) values (61, 'ed6221b0-4919-46fa-8c1a-c35a95869be7.png');
insert into variant_image (variant_id, image_name) values (62, '1ecad0b6-1a6e-4d86-b50a-79f0be82b4d6.png');
insert into variant_image (variant_id, image_name) values (63, '04e561a1-41dd-41bb-8b04-7f678902967b.png');
insert into variant_image (variant_id, image_name) values (64, '609e69ea-91e2-48fa-9af5-591ddd141184.png');
insert into variant_image (variant_id, image_name) values (65, 'c35f6201-6f0d-4243-9077-e97bb5fd575c.png');
insert into variant_image (variant_id, image_name) values (66, '83a4e35f-6242-4a98-874d-22d8fef83cbb.png');
insert into variant_image (variant_id, image_name) values (67, 'acdcc8fd-679e-481c-b506-49c09cba43fc.png');
insert into variant_image (variant_id, image_name) values (68, '54454d83-d064-47c2-80b7-d8f0bdebbe15.png');
insert into variant_image (variant_id, image_name) values (69, '25ee9fe0-d7fd-46b3-9fd3-d80597cf97e6.png');
insert into variant_image (variant_id, image_name) values (70, '30622c98-dd25-47ea-b462-b84b8edbcc53.png');
insert into variant_image (variant_id, image_name) values (71, '058735aa-8af1-4298-b8c3-28f6d10c2f0b.png');
insert into variant_image (variant_id, image_name) values (72, 'b1eb57b0-3d57-473c-8b3c-495f3111bc78.png');
insert into variant_image (variant_id, image_name) values (73, '01bc5023-08bf-429e-b494-2d885aff095d.png');
insert into variant_image (variant_id, image_name) values (73, '1d03afa1-ddb6-430f-b8dd-5adba4d88d32.png');
insert into variant_image (variant_id, image_name) values (74, 'e4fbbc49-4cae-4c7b-a72a-9777dd41f300.png');
insert into variant_image (variant_id, image_name) values (75, '0a024825-6886-41e8-9ed4-0e6e1c9796fd.png');
insert into variant_image (variant_id, image_name) values (75, '85937f3f-10f9-486a-899e-6b92179e3640.png');
insert into variant_image (variant_id, image_name) values (76, '7db7ab28-4c91-4fd1-8696-d452642af1e0.png');
insert into variant_image (variant_id, image_name) values (76, '87c43407-bda0-42f5-8abb-d5c6606af4ad.png');
insert into variant_image (variant_id, image_name) values (77, '012be6d8-ff1b-43b3-bfd2-4880c931bcc5.png');
insert into variant_image (variant_id, image_name) values (77, '30f579ad-0c71-475b-8838-49a2921c5848.png');
insert into variant_image (variant_id, image_name) values (78, '7539987a-1807-4fbe-a684-eb5d4854b1a7.png');
insert into variant_image (variant_id, image_name) values (79, '983ab05a-5d86-4ba0-85eb-5af0b34540e8.png');
insert into variant_image (variant_id, image_name) values (80, '154b19b4-681c-4b9a-bb86-c261b5b7e665.png');
insert into variant_image (variant_id, image_name) values (80, '47ac5228-0c02-4982-8028-53076adbdf36.png');
insert into variant_image (variant_id, image_name) values (80, 'f6e04a06-594f-4a6a-bc6c-8e003788bed7.png');
insert into variant_image (variant_id, image_name) values (81, '64eb6ec2-4064-4170-9ecb-11db4b876eb3.png');
insert into variant_image (variant_id, image_name) values (81, 'ea056470-3062-476a-85de-383af377cd2f.png');
insert into variant_image (variant_id, image_name) values (82, '5706a956-df38-4cb8-9eba-51dc1d790edf.png');
insert into variant_image (variant_id, image_name) values (82, 'aae9c508-65ec-4f80-adbe-52de88cd8f99.png');
insert into variant_image (variant_id, image_name) values (83, '244f1b19-60b7-4b6a-beb5-71fa9101d7c7.png');
insert into variant_image (variant_id, image_name) values (83, '9253e5b9-cbe3-41df-9b93-403fb36f73fd.png');
insert into variant_image (variant_id, image_name) values (84, 'd37330e0-c9d9-47f0-b74d-0b734803a770.png');
insert into variant_image (variant_id, image_name) values (85, '752dda91-0d75-4dba-90bf-99dec6548614.png');
insert into variant_image (variant_id, image_name) values (86, 'ce6a53e9-b52f-49b1-8aaf-a4881810b9e6.png');
INSERT INTO variant_image (variant_id, image_name) VALUES (87,'b756ccc5-54fc-4e36-9ca3-af1c0ebc3294.png');
INSERT INTO variant_image (variant_id, image_name) VALUES (88,'b5562e35-7975-4c2a-aca6-2e7ea0cb39a8.png');
INSERT INTO variant_image (variant_id, image_name) VALUES (89,'5057fdfc-cb98-4d3b-a162-63bbb0c0e34d.png');
INSERT INTO variant_image (variant_id, image_name) VALUES (90,'7e01d93b-8ee3-4c70-ba92-faa2ca67b1c8.png');
INSERT INTO variant_image (variant_id, image_name) VALUES (91,'c69a8fe4-6c1d-4b43-83b2-74c19e1cce01.png');
insert into variant_image (variant_id, image_name) values (92, '288a269a-da07-453f-9da1-d616b6d20c49.png');
insert into variant_image (variant_id, image_name) values (92, 'cb7a0220-36e5-48a9-b4d1-c4f1d5a4424e.png');
insert into variant_image (variant_id, image_name) values (93, 'c6305507-bc74-4268-9abd-15a527a660c5.png');
insert into variant_image (variant_id, image_name) values (93, 'f3208c28-8775-41de-91df-a0f3ec65650e.png');
INSERT INTO variant_image (variant_id, image_name) VALUES (94,'8bcb0070-5cd6-4874-8882-3ed15b35c1cd.png');
INSERT INTO variant_image (variant_id, image_name) VALUES (95,'1df897e6-4d5a-482c-8643-09d190368692.png');
INSERT INTO variant_image (variant_id, image_name) VALUES (96,'c53fa172-4998-4dce-8ebc-70bd59c815bd.png');
INSERT INTO variant_image (variant_id, image_name) VALUES (97,'a324afd6-a11c-4886-96e8-2c49e7030930.png');
insert into variant_image (variant_id, image_name) values (98, '14d595c9-8bf0-456b-86a1-b9f3a5de66c9.png');
insert into variant_image (variant_id, image_name) values (98, 'a9e5bad2-5795-449c-9292-9932827f6d4c.png');
insert into variant_image (variant_id, image_name) values (98, 'fe52ee8e-94ed-4034-94a3-0de2894667fb.png');
insert into variant_image (variant_id, image_name) values (99, 'bdda0358-118f-4781-936d-0ed7f7294fba.png');
insert into variant_image (variant_id, image_name) values (100, '26de8b08-e8a0-44c9-be6a-f2a3d41fb1b1.png');
insert into variant_image (variant_id, image_name) values (101, '2bc7ffb6-c1bd-41bd-be8d-40f816344c44.png');
insert into variant_image (variant_id, image_name) values (102, '4c92d262-fe63-420c-9b90-9105141a5085.png');
insert into variant_image (variant_id, image_name) values (102, '743112a2-23ea-4e5e-a94e-013d2621b549.png');
insert into variant_image (variant_id, image_name) values (102, '93a6315d-db99-433c-b0e0-38e0b2cf3d53.png');
insert into variant_image (variant_id, image_name) values (102, 'a99241a4-a2e5-480e-b0de-ebdc83ab3f04.png');
insert into variant_image (variant_id, image_name) values (103, '304f20f4-f432-457a-831a-6af9a060c30f.png');
insert into variant_image (variant_id, image_name) values (103, '42de881c-ecde-4a49-bf2f-16f294cffb66.png');
insert into variant_image (variant_id, image_name) values (103, 'c0aa8d50-0095-4fdb-a685-20a3f6d6a67e.png');
insert into variant_image (variant_id, image_name) values (103, 'c51e7534-49e7-4a2c-9b79-07a86391b4d9.png');
insert into variant_image (variant_id, image_name) values (104, 'df2b3deb-0ef8-4e16-b931-95f95f54b27d.png');
insert into variant_image (variant_id, image_name) values (105, '0a08ed1e-dfb3-4b1c-b112-1b6bc31df68e.png');
insert into variant_image (variant_id, image_name) values (106, '7356ae11-b359-4e57-bc80-fbbd792157f9.png');
insert into variant_image (variant_id, image_name) values (106, '884b192e-934a-49f5-9c61-ad27fcd8f096.png');
insert into variant_image (variant_id, image_name) values (106, 'b7f3606d-7b9a-40b5-93bd-73eca57d71bd.png');
insert into variant_image (variant_id, image_name) values (107, '3a7fd05f-0d5b-46cb-bb1f-3591e82b827a.png');
insert into variant_image (variant_id, image_name) values (107, '44e3fa2c-8a57-476f-b9fd-0cf884a38714.png');
insert into variant_image (variant_id, image_name) values (107, '88d662a7-d275-41d6-9717-dfc3ed4468c8.png');
