-- All 40 Orders for demo

use texas_e_store;

# carts

INSERT INTO cart (cart_id, customer_id, state) VALUES (1, 1, 'ACTIVE');
INSERT INTO cart (cart_id, customer_id, state) VALUES (2, NULL, 'INACTIVE');
INSERT INTO cart (cart_id, customer_id, state) VALUES (3, NULL, 'INACTIVE');
INSERT INTO cart (cart_id, customer_id, state) VALUES (4, NULL, 'INACTIVE');
INSERT INTO cart (cart_id, customer_id, state) VALUES (5, 4, 'INACTIVE');
INSERT INTO cart (cart_id, customer_id, state) VALUES (6, 4, 'INACTIVE');
INSERT INTO cart (cart_id, customer_id, state) VALUES (7, NULL, 'INACTIVE');
INSERT INTO cart (cart_id, customer_id, state) VALUES (8, NULL, 'INACTIVE');
INSERT INTO cart (cart_id, customer_id, state) VALUES (9, NULL, 'INACTIVE');
INSERT INTO cart (cart_id, customer_id, state) VALUES (10, NULL, 'INACTIVE');
INSERT INTO cart (cart_id, customer_id, state) VALUES (11, NULL, 'INACTIVE');
INSERT INTO cart (cart_id, customer_id, state) VALUES (12, 4, 'INACTIVE');
INSERT INTO cart (cart_id, customer_id, state) VALUES (13, 15, 'INACTIVE');
INSERT INTO cart (cart_id, customer_id, state) VALUES (14, 15, 'INACTIVE');
INSERT INTO cart (cart_id, customer_id, state) VALUES (15, NULL, 'INACTIVE');
INSERT INTO cart (cart_id, customer_id, state) VALUES (16, 15, 'INACTIVE');
INSERT INTO cart (cart_id, customer_id, state) VALUES (17, NULL, 'INACTIVE');
INSERT INTO cart (cart_id, customer_id, state) VALUES (18, NULL, 'INACTIVE');
INSERT INTO cart (cart_id, customer_id, state) VALUES (19, 9, 'INACTIVE');
INSERT INTO cart (cart_id, customer_id, state) VALUES (20, 9, 'INACTIVE');
INSERT INTO cart (cart_id, customer_id, state) VALUES (21, NULL, 'INACTIVE');
INSERT INTO cart (cart_id, customer_id, state) VALUES (22, NULL, 'INACTIVE');
INSERT INTO cart (cart_id, customer_id, state) VALUES (23, 3, 'INACTIVE');
INSERT INTO cart (cart_id, customer_id, state) VALUES (24, 3, 'INACTIVE');
INSERT INTO cart (cart_id, customer_id, state) VALUES (25, NULL, 'INACTIVE');
INSERT INTO cart (cart_id, customer_id, state) VALUES (26, 6, 'INACTIVE');
INSERT INTO cart (cart_id, customer_id, state) VALUES (27, NULL, 'INACTIVE');
INSERT INTO cart (cart_id, customer_id, state) VALUES (28, NULL, 'INACTIVE');
INSERT INTO cart (cart_id, customer_id, state) VALUES (29, NULL, 'INACTIVE');
INSERT INTO cart (cart_id, customer_id, state) VALUES (30, NULL, 'INACTIVE');
INSERT INTO cart (cart_id, customer_id, state) VALUES (31, NULL, 'INACTIVE');
INSERT INTO cart (cart_id, customer_id, state) VALUES (32, 6, 'INACTIVE');
INSERT INTO cart (cart_id, customer_id, state) VALUES (33, NULL, 'INACTIVE');
INSERT INTO cart (cart_id, customer_id, state) VALUES (34, NULL, 'INACTIVE');
INSERT INTO cart (cart_id, customer_id, state) VALUES (35, NULL, 'INACTIVE');
INSERT INTO cart (cart_id, customer_id, state) VALUES (36, 11, 'INACTIVE');
INSERT INTO cart (cart_id, customer_id, state) VALUES (37, 11, 'INACTIVE');
INSERT INTO cart (cart_id, customer_id, state) VALUES (38, NULL, 'INACTIVE');
INSERT INTO cart (cart_id, customer_id, state) VALUES (39, 7, 'INACTIVE');
INSERT INTO cart (cart_id, customer_id, state) VALUES (40, 7, 'INACTIVE');
INSERT INTO cart (cart_id, customer_id, state) VALUES (41, NULL, 'INACTIVE');

# cart_products

INSERT INTO cart_product (cart_id, variant_id, number_of_items) VALUES (2, 1, 1);
INSERT INTO cart_product (cart_id, variant_id, number_of_items) VALUES (2, 3, 1);
INSERT INTO cart_product (cart_id, variant_id, number_of_items) VALUES (3, 5, 1);
INSERT INTO cart_product (cart_id, variant_id, number_of_items) VALUES (4, 33, 1);
INSERT INTO cart_product (cart_id, variant_id, number_of_items) VALUES (4, 75, 1);
INSERT INTO cart_product (cart_id, variant_id, number_of_items) VALUES (4, 83, 1);
INSERT INTO cart_product (cart_id, variant_id, number_of_items) VALUES (5, 9, 1);
INSERT INTO cart_product (cart_id, variant_id, number_of_items) VALUES (5, 73, 1);
INSERT INTO cart_product (cart_id, variant_id, number_of_items) VALUES (6, 16, 1);
INSERT INTO cart_product (cart_id, variant_id, number_of_items) VALUES (7, 27, 1);
INSERT INTO cart_product (cart_id, variant_id, number_of_items) VALUES (7, 107, 1);
INSERT INTO cart_product (cart_id, variant_id, number_of_items) VALUES (8, 2, 1);
INSERT INTO cart_product (cart_id, variant_id, number_of_items) VALUES (9, 13, 1);
INSERT INTO cart_product (cart_id, variant_id, number_of_items) VALUES (9, 78, 1);
INSERT INTO cart_product (cart_id, variant_id, number_of_items) VALUES (9, 91, 1);
INSERT INTO cart_product (cart_id, variant_id, number_of_items) VALUES (9, 100, 3);
INSERT INTO cart_product (cart_id, variant_id, number_of_items) VALUES (10, 83, 1);
INSERT INTO cart_product (cart_id, variant_id, number_of_items) VALUES (11, 24, 1);
INSERT INTO cart_product (cart_id, variant_id, number_of_items) VALUES (12, 86, 5);
INSERT INTO cart_product (cart_id, variant_id, number_of_items) VALUES (12, 100, 2);
INSERT INTO cart_product (cart_id, variant_id, number_of_items) VALUES (13, 19, 1);
INSERT INTO cart_product (cart_id, variant_id, number_of_items) VALUES (13, 71, 1);
INSERT INTO cart_product (cart_id, variant_id, number_of_items) VALUES (14, 103, 1);
INSERT INTO cart_product (cart_id, variant_id, number_of_items) VALUES (15, 20, 1);
INSERT INTO cart_product (cart_id, variant_id, number_of_items) VALUES (15, 22, 1);
INSERT INTO cart_product (cart_id, variant_id, number_of_items) VALUES (15, 29, 1);
INSERT INTO cart_product (cart_id, variant_id, number_of_items) VALUES (15, 32, 1);
INSERT INTO cart_product (cart_id, variant_id, number_of_items) VALUES (15, 34, 1);
INSERT INTO cart_product (cart_id, variant_id, number_of_items) VALUES (15, 37, 1);
INSERT INTO cart_product (cart_id, variant_id, number_of_items) VALUES (15, 79, 1);
INSERT INTO cart_product (cart_id, variant_id, number_of_items) VALUES (15, 81, 1);
INSERT INTO cart_product (cart_id, variant_id, number_of_items) VALUES (15, 83, 1);
INSERT INTO cart_product (cart_id, variant_id, number_of_items) VALUES (15, 93, 1);
INSERT INTO cart_product (cart_id, variant_id, number_of_items) VALUES (15, 107, 1);
INSERT INTO cart_product (cart_id, variant_id, number_of_items) VALUES (16, 98, 1);
INSERT INTO cart_product (cart_id, variant_id, number_of_items) VALUES (17, 92, 1);
INSERT INTO cart_product (cart_id, variant_id, number_of_items) VALUES (18, 92, 1);
INSERT INTO cart_product (cart_id, variant_id, number_of_items) VALUES (19, 71, 1);
INSERT INTO cart_product (cart_id, variant_id, number_of_items) VALUES (20, 102, 2);
INSERT INTO cart_product (cart_id, variant_id, number_of_items) VALUES (21, 89, 1);
INSERT INTO cart_product (cart_id, variant_id, number_of_items) VALUES (21, 100, 2);
INSERT INTO cart_product (cart_id, variant_id, number_of_items) VALUES (22, 17, 10);
INSERT INTO cart_product (cart_id, variant_id, number_of_items) VALUES (22, 18, 15);
INSERT INTO cart_product (cart_id, variant_id, number_of_items) VALUES (23, 21, 1);
INSERT INTO cart_product (cart_id, variant_id, number_of_items) VALUES (23, 24, 2);
INSERT INTO cart_product (cart_id, variant_id, number_of_items) VALUES (23, 75, 1);
INSERT INTO cart_product (cart_id, variant_id, number_of_items) VALUES (24, 26, 1);
INSERT INTO cart_product (cart_id, variant_id, number_of_items) VALUES (24, 34, 1);
INSERT INTO cart_product (cart_id, variant_id, number_of_items) VALUES (24, 38, 1);
INSERT INTO cart_product (cart_id, variant_id, number_of_items) VALUES (24, 101, 1);
INSERT INTO cart_product (cart_id, variant_id, number_of_items) VALUES (25, 106, 20);
INSERT INTO cart_product (cart_id, variant_id, number_of_items) VALUES (25, 107, 10);
INSERT INTO cart_product (cart_id, variant_id, number_of_items) VALUES (26, 46, 20);
INSERT INTO cart_product (cart_id, variant_id, number_of_items) VALUES (27, 46, 2);
INSERT INTO cart_product (cart_id, variant_id, number_of_items) VALUES (28, 103, 1);
INSERT INTO cart_product (cart_id, variant_id, number_of_items) VALUES (29, 22, 1);
INSERT INTO cart_product (cart_id, variant_id, number_of_items) VALUES (30, 18, 1);
INSERT INTO cart_product (cart_id, variant_id, number_of_items) VALUES (30, 33, 1);
INSERT INTO cart_product (cart_id, variant_id, number_of_items) VALUES (30, 97, 1);
INSERT INTO cart_product (cart_id, variant_id, number_of_items) VALUES (30, 102, 1);
INSERT INTO cart_product (cart_id, variant_id, number_of_items) VALUES (31, 32, 1);
INSERT INTO cart_product (cart_id, variant_id, number_of_items) VALUES (32, 16, 1);
INSERT INTO cart_product (cart_id, variant_id, number_of_items) VALUES (32, 100, 2);
INSERT INTO cart_product (cart_id, variant_id, number_of_items) VALUES (33, 25, 1);
INSERT INTO cart_product (cart_id, variant_id, number_of_items) VALUES (33, 34, 1);
INSERT INTO cart_product (cart_id, variant_id, number_of_items) VALUES (33, 77, 1);
INSERT INTO cart_product (cart_id, variant_id, number_of_items) VALUES (33, 83, 1);
INSERT INTO cart_product (cart_id, variant_id, number_of_items) VALUES (34, 91, 1);
INSERT INTO cart_product (cart_id, variant_id, number_of_items) VALUES (34, 100, 1);
INSERT INTO cart_product (cart_id, variant_id, number_of_items) VALUES (35, 70, 1);
INSERT INTO cart_product (cart_id, variant_id, number_of_items) VALUES (36, 26, 1);
INSERT INTO cart_product (cart_id, variant_id, number_of_items) VALUES (36, 34, 1);
INSERT INTO cart_product (cart_id, variant_id, number_of_items) VALUES (36, 37, 1);
INSERT INTO cart_product (cart_id, variant_id, number_of_items) VALUES (36, 80, 1);
INSERT INTO cart_product (cart_id, variant_id, number_of_items) VALUES (36, 83, 1);
INSERT INTO cart_product (cart_id, variant_id, number_of_items) VALUES (37, 23, 1);
INSERT INTO cart_product (cart_id, variant_id, number_of_items) VALUES (38, 11, 4);
INSERT INTO cart_product (cart_id, variant_id, number_of_items) VALUES (38, 16, 2);
INSERT INTO cart_product (cart_id, variant_id, number_of_items) VALUES (38, 17, 1);
INSERT INTO cart_product (cart_id, variant_id, number_of_items) VALUES (38, 18, 2);
INSERT INTO cart_product (cart_id, variant_id, number_of_items) VALUES (38, 19, 1);
INSERT INTO cart_product (cart_id, variant_id, number_of_items) VALUES (38, 22, 4);
INSERT INTO cart_product (cart_id, variant_id, number_of_items) VALUES (38, 24, 6);
INSERT INTO cart_product (cart_id, variant_id, number_of_items) VALUES (38, 26, 1);
INSERT INTO cart_product (cart_id, variant_id, number_of_items) VALUES (38, 28, 1);
INSERT INTO cart_product (cart_id, variant_id, number_of_items) VALUES (38, 33, 1);
INSERT INTO cart_product (cart_id, variant_id, number_of_items) VALUES (38, 38, 4);
INSERT INTO cart_product (cart_id, variant_id, number_of_items) VALUES (38, 42, 1);
INSERT INTO cart_product (cart_id, variant_id, number_of_items) VALUES (38, 73, 1);
INSERT INTO cart_product (cart_id, variant_id, number_of_items) VALUES (38, 77, 2);
INSERT INTO cart_product (cart_id, variant_id, number_of_items) VALUES (38, 83, 3);
INSERT INTO cart_product (cart_id, variant_id, number_of_items) VALUES (38, 91, 2);
INSERT INTO cart_product (cart_id, variant_id, number_of_items) VALUES (38, 98, 1);
INSERT INTO cart_product (cart_id, variant_id, number_of_items) VALUES (38, 100, 1);
INSERT INTO cart_product (cart_id, variant_id, number_of_items) VALUES (38, 102, 1);
INSERT INTO cart_product (cart_id, variant_id, number_of_items) VALUES (38, 103, 1);
INSERT INTO cart_product (cart_id, variant_id, number_of_items) VALUES (38, 105, 12);
INSERT INTO cart_product (cart_id, variant_id, number_of_items) VALUES (38, 106, 3);
INSERT INTO cart_product (cart_id, variant_id, number_of_items) VALUES (39, 71, 1);
INSERT INTO cart_product (cart_id, variant_id, number_of_items) VALUES (40, 107, 1);
INSERT INTO cart_product (cart_id, variant_id, number_of_items) VALUES (41, 21, 4);
INSERT INTO cart_product (cart_id, variant_id, number_of_items) VALUES (41, 22, 9);
INSERT INTO cart_product (cart_id, variant_id, number_of_items) VALUES (41, 30, 4);

# orders

INSERT INTO `order` (order_id, customer_id, cart_id, date, order_name, delivery_address, zip_code, phone_number, order_email, delivery_method, payment_method) VALUES (1, NULL, 2, '2021-07-07 20:37:51', 'Arthur O. Craig', '3492 Single Street, Trincomalee', '31000', '419-891-2553', 'test@email.com', 'DELIVERY', 'CASH');
INSERT INTO `order` (order_id, customer_id, cart_id, date, order_name, delivery_address, zip_code, phone_number, order_email, delivery_method, payment_method) VALUES (2, NULL, 3, '2021-05-05 12:04:21', 'Joshua Metcalfe', '183 Dixon Road Koutu Rotorua, Katunayake', '11450', '07886889617', 'test@email.com', 'STORE-PICKUP', 'CASH');
INSERT INTO `order` (order_id, customer_id, cart_id, date, order_name, delivery_address, zip_code, phone_number, order_email, delivery_method, payment_method) VALUES (3, NULL, 4, '2022-07-07 21:07:39', 'Maisie Hewitt', '22 Crescent Avenue, Colombo 03', '00300', '07727283754', 'test@email.com', 'DELIVERY', 'CASH');
INSERT INTO `order` (order_id, customer_id, cart_id, date, order_name, delivery_address, zip_code, phone_number, order_email, delivery_method, payment_method) VALUES (4, 4, 5, '2021-01-04 21:13:05', 'Felisha Shopcott', '91, Forest Run, Kalutara', '12000', '0771121415', 'scockayme2@squarespace.com', 'DELIVERY', 'CARD');
INSERT INTO `order` (order_id, customer_id, cart_id, date, order_name, delivery_address, zip_code, phone_number, order_email, delivery_method, payment_method) VALUES (5, 4, 6, '2021-07-07 21:16:00', 'Isabella Bennett', '57 Ash Lane, Kandy', '20000', '0771121415', 'scockayme2@squarespace.com', 'DELIVERY', 'CARD');
INSERT INTO `order` (order_id, customer_id, cart_id, date, order_name, delivery_address, zip_code, phone_number, order_email, delivery_method, payment_method) VALUES (6, NULL, 7, '2021-05-03 21:18:02', 'Oliver Peacock', '29 High St, Colombo 01', '00100', '07005759537', 'test@email.com', 'DELIVERY', 'CASH');
INSERT INTO `order` (order_id, customer_id, cart_id, date, order_name, delivery_address, zip_code, phone_number, order_email, delivery_method, payment_method) VALUES (7, NULL, 8, '2021-06-21 06:30:04', 'Sophie Hill', '60 Berkeley Rd, Ragama', '11010', '07787876783', 'test@email.com', 'DELIVERY', 'CASH');
INSERT INTO `order` (order_id, customer_id, cart_id, date, order_name, delivery_address, zip_code, phone_number, order_email, delivery_method, payment_method) VALUES (8, NULL, 9, '2021-07-07 21:24:08', 'Isabelle Price', '85 Stroud Rd, Gonapinuwala', '80230', '07970384816', 'test@email.com', 'DELIVERY', 'CARD');
INSERT INTO `order` (order_id, customer_id, cart_id, date, order_name, delivery_address, zip_code, phone_number, order_email, delivery_method, payment_method) VALUES (9, NULL, 10, '2021-07-07 21:26:01', 'Isabelle Price', '85 Stroud Rd, Gonapinuwala', '80230', '07970384816', 'test@email.com', 'DELIVERY', 'CARD');
INSERT INTO `order` (order_id, customer_id, cart_id, date, order_name, delivery_address, zip_code, phone_number, order_email, delivery_method, payment_method) VALUES (10, NULL, 11, '2021-04-30 21:27:29', 'Amy Sims', '24 Guildry Street, Colpetty', '00300', '07018262212', 'test@email.com', 'STORE-PICKUP', 'CASH');
INSERT INTO `order` (order_id, customer_id, cart_id, date, order_name, delivery_address, zip_code, phone_number, order_email, delivery_method, payment_method) VALUES (11, 4, 12, '2021-06-02 11:33:23', 'Isabella Bennett', '57 Ash Lane, Kandy', '20000', '0771121415', 'scockayme2@squarespace.com', 'DELIVERY', 'CARD');
INSERT INTO `order` (order_id, customer_id, cart_id, date, order_name, delivery_address, zip_code, phone_number, order_email, delivery_method, payment_method) VALUES (12, 15, 13, '2022-07-07 21:35:47', 'Billie Ashbrook', '7554, Johnson, Арачиново', '91897', '0787849898', 'hdabsd@squarespace.com', 'DELIVERY', 'CASH');
INSERT INTO `order` (order_id, customer_id, cart_id, date, order_name, delivery_address, zip_code, phone_number, order_email, delivery_method, payment_method) VALUES (13, 15, 14, '2022-07-01 10:26:02', 'Billie Ashbrook', '7554, Johnson, Арачиново', '91897', '0787849898', 'hdabsd@squarespace.com', 'DELIVERY', 'CASH');
INSERT INTO `order` (order_id, customer_id, cart_id, date, order_name, delivery_address, zip_code, phone_number, order_email, delivery_method, payment_method) VALUES (14, NULL, 15, '2021-07-07 21:50:06', 'Sebastian Lord', '45 York Road, Slave lsland', '00200', '07939329062', 'test@email.com', 'DELIVERY', 'CARD');
INSERT INTO `order` (order_id, customer_id, cart_id, date, order_name, delivery_address, zip_code, phone_number, order_email, delivery_method, payment_method) VALUES (15, 15, 16, '2022-06-22 10:38:48', 'Billie Ashbrook', '7554, Johnson, Арачиново', '91897', '0787849898', 'hdabsd@squarespace.com', 'DELIVERY', 'CASH');
INSERT INTO `order` (order_id, customer_id, cart_id, date, order_name, delivery_address, zip_code, phone_number, order_email, delivery_method, payment_method) VALUES (16, NULL, 17, '2022-04-01 11:58:13', 'Jake Mann', '60 St Maurices Road, Talawatugoda', '10116', '07930249212', 'test@email.com', 'DELIVERY', 'CASH');
INSERT INTO `order` (order_id, customer_id, cart_id, date, order_name, delivery_address, zip_code, phone_number, order_email, delivery_method, payment_method) VALUES (17, NULL, 18, '2022-04-21 14:16:47', 'Ruby Palmer', '31 Nith Street, Mutwal', '01500', '07056569481', 'test@email.com', 'DELIVERY', 'CASH');
INSERT INTO `order` (order_id, customer_id, cart_id, date, order_name, delivery_address, zip_code, phone_number, order_email, delivery_method, payment_method) VALUES (18, 9, 19, '2022-06-20 11:19:21', 'Gennie Weddeburn - Scrimgeour', '7806, Johnson, Hokandara', '10118', '0717112145', 'ekerin7@is.gd', 'STORE-PICKUP', 'CASH');
INSERT INTO `order` (order_id, customer_id, cart_id, date, order_name, delivery_address, zip_code, phone_number, order_email, delivery_method, payment_method) VALUES (19, 9, 20, '2022-07-05 14:27:23', 'Gennie Weddeburn - Scrimgeour', '7806, Johnson, Hokandara', '10118', '0717112145', 'ekerin7@is.gd', 'STORE-PICKUP', 'CASH');
INSERT INTO `order` (order_id, customer_id, cart_id, date, order_name, delivery_address, zip_code, phone_number, order_email, delivery_method, payment_method) VALUES (20, NULL, 21, '2022-05-07 22:04:24', 'Joel Duncan', '25 Trinity Crescent, Padukka', '10500', '07019335179', 'test@email.com', 'STORE-PICKUP', 'CARD');
INSERT INTO `order` (order_id, customer_id, cart_id, date, order_name, delivery_address, zip_code, phone_number, order_email, delivery_method, payment_method) VALUES (21, NULL, 22, '2022-06-30 14:31:44', 'Vera Hill', '45338 Carter Falls Suite 948 Port Sidneyhaven, Deltara', '10302', '9473152330', 'test@email.com', 'DELIVERY', 'CASH');
INSERT INTO `order` (order_id, customer_id, cart_id, date, order_name, delivery_address, zip_code, phone_number, order_email, delivery_method, payment_method) VALUES (22, 3, 23, '2022-02-09 12:33:27', 'Cobb Braun', '8, Park Meadow, Sanok', '56207', '0771121415', 'pbartozzi1@exblog.jp', 'STORE-PICKUP', 'CASH');
INSERT INTO `order` (order_id, customer_id, cart_id, date, order_name, delivery_address, zip_code, phone_number, order_email, delivery_method, payment_method) VALUES (23, 3, 24, '2022-02-07 02:54:51', 'Cobb Braun', '8, Park Meadow, Sanok', '56207', '0771121415', 'pbartozzi1@exblog.jp', 'DELIVERY', 'CARD');
INSERT INTO `order` (order_id, customer_id, cart_id, date, order_name, delivery_address, zip_code, phone_number, order_email, delivery_method, payment_method) VALUES (24, NULL, 25, '2022-04-13 08:25:28', 'Paxton Watson', '814 Jamel Camp Loyalview, Polgasowita', '10320', '259-734-7805', 'test@email.com', 'DELIVERY', 'CASH');
INSERT INTO `order` (order_id, customer_id, cart_id, date, order_name, delivery_address, zip_code, phone_number, order_email, delivery_method, payment_method) VALUES (25, 6, 26, '2022-05-11 08:42:55', 'Marnia Aspinall', '0463, Reinke, Austin', '66627', '0741151312', 'asulter4@fc2.com', 'DELIVERY', 'CASH');
INSERT INTO `order` (order_id, customer_id, cart_id, date, order_name, delivery_address, zip_code, phone_number, order_email, delivery_method, payment_method) VALUES (26, NULL, 27, '2022-06-27 13:01:12', 'Ximena Perez', '613 Lemke Creek Suite 801 South Zachariahhaven, Kadawatha', '11850', '349-652-5414', 'test@email.com', 'DELIVERY', 'CASH');
INSERT INTO `order` (order_id, customer_id, cart_id, date, order_name, delivery_address, zip_code, phone_number, order_email, delivery_method, payment_method) VALUES (27, NULL, 28, '2021-12-29 17:05:11', 'Kyler Hall', '726 Joey Turnpike Kuhicfurt, Kalagedihena', '11875', '+15146342238', 'test@email.com', 'STORE-PICKUP', 'CASH');
INSERT INTO `order` (order_id, customer_id, cart_id, date, order_name, delivery_address, zip_code, phone_number, order_email, delivery_method, payment_method) VALUES (28, NULL, 29, '2022-02-11 04:17:17', 'Damien Williams', '2151 Yesenia Inlet Rosieview, Laggala Pallegama', '21520', '+18509155867', 'test@email.com', 'DELIVERY', 'CARD');
INSERT INTO `order` (order_id, customer_id, cart_id, date, order_name, delivery_address, zip_code, phone_number, order_email, delivery_method, payment_method) VALUES (29, NULL, 30, '2022-07-03 03:19:31', 'Maggie Schultz', '63200 Ashleigh Stream Apt. 173 Jacobsfurt, Vavuniya', '43000', '+19382972167', 'test@email.com', 'DELIVERY', 'CASH');
INSERT INTO `order` (order_id, customer_id, cart_id, date, order_name, delivery_address, zip_code, phone_number, order_email, delivery_method, payment_method) VALUES (30, NULL, 31, '2022-05-01 19:19:19', 'Gabriella Ross', '630 Johns Well Apt. 463 Emilianoland, Udapussallawa', '22250', '4924762902', 'test@email.com', 'DELIVERY', 'CARD');
INSERT INTO `order` (order_id, customer_id, cart_id, date, order_name, delivery_address, zip_code, phone_number, order_email, delivery_method, payment_method) VALUES (31, 6, 32, '2022-05-29 17:58:21', 'Marnia Aspinall', '0463, Reinke, Austin', '66627', '0741151312', 'asulter4@fc2.com', 'DELIVERY', 'CARD');
INSERT INTO `order` (order_id, customer_id, cart_id, date, order_name, delivery_address, zip_code, phone_number, order_email, delivery_method, payment_method) VALUES (32, NULL, 33, '2022-06-29 11:48:51', 'Harley Hale', '3564 Jast Ports Apt. 665 Lake Landenborough, Anuradhapura', '50000', '3126733727', 'test@email.com', 'DELIVERY', 'CASH');
INSERT INTO `order` (order_id, customer_id, cart_id, date, order_name, delivery_address, zip_code, phone_number, order_email, delivery_method, payment_method) VALUES (33, NULL, 34, '2022-01-09 13:26:50', 'Gia Mccarty', '440 Lueilwitz Camp Suite 386 Sauermouth, Pasgoda', '81615', '12974819381', 'test@email.com', 'DELIVERY', 'CASH');
INSERT INTO `order` (order_id, customer_id, cart_id, date, order_name, delivery_address, zip_code, phone_number, order_email, delivery_method, payment_method) VALUES (34, NULL, 35, '2022-03-17 23:29:32', 'Michael Williams', '987 Stella Ways Suite 851 Jessiehaven, Denagama', '81314', '0718813434', 'test@email.com', 'DELIVERY', 'CASH');
INSERT INTO `order` (order_id, customer_id, cart_id, date, order_name, delivery_address, zip_code, phone_number, order_email, delivery_method, payment_method) VALUES (35, 11, 36, '2022-03-27 23:33:29', 'Booth Stowgill', '34783, Sundown, Ratnapura', '70000', '0771121415', 'ddeeble9@twitpic.com', 'STORE-PICKUP', 'CASH');
INSERT INTO `order` (order_id, customer_id, cart_id, date, order_name, delivery_address, zip_code, phone_number, order_email, delivery_method, payment_method) VALUES (36, 11, 37, '2022-04-15 15:26:26', 'Booth Stowgill', '34783, Sundown, Ratnapura', '70000', '0771121415', 'ddeeble9@twitpic.com', 'DELIVERY', 'CASH');
INSERT INTO `order` (order_id, customer_id, cart_id, date, order_name, delivery_address, zip_code, phone_number, order_email, delivery_method, payment_method) VALUES (37, NULL, 38, '2022-04-22 20:42:17', 'رداد مجاهد', '033 Freya Mountain Josephchester, Colombo 07', '00700', '896-556-7314', 'test@email.com', 'DELIVERY', 'CARD');
INSERT INTO `order` (order_id, customer_id, cart_id, date, order_name, delivery_address, zip_code, phone_number, order_email, delivery_method, payment_method) VALUES (38, 7, 39, '2022-04-23 21:44:46', 'Hattie O\'Haire', '84, Kensington, Colombo 05', '00500', '0741151312', 'koliver5@tinypic.com', 'DELIVERY', 'CASH');
INSERT INTO `order` (order_id, customer_id, cart_id, date, order_name, delivery_address, zip_code, phone_number, order_email, delivery_method, payment_method) VALUES (39, 7, 40, '2022-04-23 23:45:48', 'Hattie O\'Haire', '84, Kensington, Colombo 05', '00500', '0741151312', 'koliver5@tinypic.com', 'DELIVERY', 'CASH');
INSERT INTO `order` (order_id, customer_id, cart_id, date, order_name, delivery_address, zip_code, phone_number, order_email, delivery_method, payment_method) VALUES (40, NULL, 41, '2022-05-07 06:34:32', 'Melissa Moore', '38 Holmes Plains Wendyberg, Liyangahawela', '90106', '+4401610965', 'test@email.com', 'DELIVERY', 'CASH');

# sells

INSERT INTO sell (sell_id, date_time, order_id, delivery_state, payment_state) VALUES (1, '2021-07-10 13:50:42', 1, 'DELIVERED', 'PAID');
INSERT INTO sell (sell_id, date_time, order_id, delivery_state, payment_state) VALUES (2, '2021-05-09 23:50:50', 2, 'DELIVERED', 'PAID');
INSERT INTO sell (sell_id, date_time, order_id, delivery_state, payment_state) VALUES (3, NULL, 3, 'PROCESSING', 'PENDING');
INSERT INTO sell (sell_id, date_time, order_id, delivery_state, payment_state) VALUES (4, '2021-01-04 21:13:05', 4, 'DELIVERED', 'PAID');
INSERT INTO sell (sell_id, date_time, order_id, delivery_state, payment_state) VALUES (5, '2021-07-07 21:16:00', 5, 'DELIVERED', 'PAID');
INSERT INTO sell (sell_id, date_time, order_id, delivery_state, payment_state) VALUES (6, '2021-05-07 13:24:03', 6, 'DELIVERED', 'PAID');
INSERT INTO sell (sell_id, date_time, order_id, delivery_state, payment_state) VALUES (7, '2021-06-24 09:01:59', 7, 'DELIVERED', 'PAID');
INSERT INTO sell (sell_id, date_time, order_id, delivery_state, payment_state) VALUES (8, '2021-07-07 21:24:08', 8, 'DELIVERED', 'PAID');
INSERT INTO sell (sell_id, date_time, order_id, delivery_state, payment_state) VALUES (9, '2021-07-07 21:26:01', 9, 'DELIVERED', 'PAID');
INSERT INTO sell (sell_id, date_time, order_id, delivery_state, payment_state) VALUES (10, '2021-05-03 13:13:14', 10, 'DELIVERED', 'PAID');
INSERT INTO sell (sell_id, date_time, order_id, delivery_state, payment_state) VALUES (11, '2021-06-02 11:33:23', 11, 'DELIVERED', 'PAID');
INSERT INTO sell (sell_id, date_time, order_id, delivery_state, payment_state) VALUES (12, NULL, 12, 'PROCESSING', 'PENDING');
INSERT INTO sell (sell_id, date_time, order_id, delivery_state, payment_state) VALUES (13, NULL, 13, 'PROCESSING', 'PENDING');
INSERT INTO sell (sell_id, date_time, order_id, delivery_state, payment_state) VALUES (14, '2021-07-07 21:50:06', 14, 'DELIVERED', 'PAID');
INSERT INTO sell (sell_id, date_time, order_id, delivery_state, payment_state) VALUES (15, '2022-06-25 11:18:38', 15, 'DELIVERED', 'PAID');
INSERT INTO sell (sell_id, date_time, order_id, delivery_state, payment_state) VALUES (16, '2022-04-05 14:48:12', 16, 'DELIVERED', 'PAID');
INSERT INTO sell (sell_id, date_time, order_id, delivery_state, payment_state) VALUES (17, '2022-04-25 17:11:42', 17, 'DELIVERED', 'PAID');
INSERT INTO sell (sell_id, date_time, order_id, delivery_state, payment_state) VALUES (18, '2022-06-28 13:12:41', 18, 'DELIVERED', 'PAID');
INSERT INTO sell (sell_id, date_time, order_id, delivery_state, payment_state) VALUES (19, NULL, 19, 'PROCESSING', 'PENDING');
INSERT INTO sell (sell_id, date_time, order_id, delivery_state, payment_state) VALUES (20, '2022-05-07 22:04:24', 20, 'DELIVERED', 'PAID');
INSERT INTO sell (sell_id, date_time, order_id, delivery_state, payment_state) VALUES (21, '2022-07-02 19:14:24', 21, 'DELIVERED', 'PAID');
INSERT INTO sell (sell_id, date_time, order_id, delivery_state, payment_state) VALUES (22, '2022-02-15 18:54:49', 22, 'DELIVERED', 'PAID');
INSERT INTO sell (sell_id, date_time, order_id, delivery_state, payment_state) VALUES (23, '2022-02-07 02:54:51', 23, 'DELIVERED', 'PAID');
INSERT INTO sell (sell_id, date_time, order_id, delivery_state, payment_state) VALUES (24, '2022-04-18 10:04:24', 24, 'DELIVERED', 'PAID');
INSERT INTO sell (sell_id, date_time, order_id, delivery_state, payment_state) VALUES (25, '2022-05-12 12:33:37', 25, 'DELIVERED', 'PAID');
INSERT INTO sell (sell_id, date_time, order_id, delivery_state, payment_state) VALUES (26, '2022-07-04 15:31:19', 26, 'DELIVERED', 'PAID');
INSERT INTO sell (sell_id, date_time, order_id, delivery_state, payment_state) VALUES (27, '2022-01-01 16:48:45', 27, 'DELIVERED', 'PAID');
INSERT INTO sell (sell_id, date_time, order_id, delivery_state, payment_state) VALUES (28, '2022-02-11 04:17:17', 28, 'DELIVERED', 'PAID');
INSERT INTO sell (sell_id, date_time, order_id, delivery_state, payment_state) VALUES (29, NULL, 29, 'PROCESSING', 'PENDING');
INSERT INTO sell (sell_id, date_time, order_id, delivery_state, payment_state) VALUES (30, '2022-05-01 19:19:19', 30, 'DELIVERED', 'PAID');
INSERT INTO sell (sell_id, date_time, order_id, delivery_state, payment_state) VALUES (31, '2022-05-29 17:58:21', 31, 'DELIVERED', 'PAID');
INSERT INTO sell (sell_id, date_time, order_id, delivery_state, payment_state) VALUES (32, '2022-06-30 14:00:36', 32, 'DELIVERED', 'PAID');
INSERT INTO sell (sell_id, date_time, order_id, delivery_state, payment_state) VALUES (33, '2022-01-15 16:32:42', 33, 'DELIVERED', 'PAID');
INSERT INTO sell (sell_id, date_time, order_id, delivery_state, payment_state) VALUES (34, '2022-03-22 13:23:52', 34, 'DELIVERED', 'PAID');
INSERT INTO sell (sell_id, date_time, order_id, delivery_state, payment_state) VALUES (35, '2022-04-03 11:33:22', 35, 'DELIVERED', 'PAID');
INSERT INTO sell (sell_id, date_time, order_id, delivery_state, payment_state) VALUES (36, '2022-04-20 12:43:32', 36, 'DELIVERED', 'PAID');
INSERT INTO sell (sell_id, date_time, order_id, delivery_state, payment_state) VALUES (37, '2022-04-22 20:42:17', 37, 'DELIVERED', 'PAID');
INSERT INTO sell (sell_id, date_time, order_id, delivery_state, payment_state) VALUES (38, '2022-04-27 11:13:12', 38, 'DELIVERED', 'PAID');
INSERT INTO sell (sell_id, date_time, order_id, delivery_state, payment_state) VALUES (39, '2022-04-27 11:14:12', 39, 'DELIVERED', 'PAID');
INSERT INTO sell (sell_id, date_time, order_id, delivery_state, payment_state) VALUES (40, '2022-05-12 16:24:12', 40, 'DELIVERED', 'PAID');